dataset,taxa,sites,windows,taxa_sites,estimate_seconds,estimate_minutes,estimate_hours,low_seconds,high_seconds
10000_NT_AL,152,1485,6,225720,1271.1241770490867,21.185402950818112,0.35309004918030185,1184.9635258857693,1524.3284213359063
10001_NT_AL,153,738,3,112914,635.8661852176173,10.597769753626954,0.17662949589378257,592.7652470399864,762.5288825390861
10006_NT_AL,157,1524,6,239268,1347.418658489194,22.456977641486567,0.3742829606914428,1256.0865360253244,1615.8205418934947
10009_NT_AL,157,2100,9,329700,1856.6792538236925,30.944654230394875,0.5157442371732479,1730.8279039719037,2226.5243687508787
1000_NT_AL,153,2739,11,419067,2359.942386600344,39.33237311000573,0.6555395518334289,2199.9783355589743,2830.036055927584
100101267_NT_AL,82,3522,14,288804,1626.3766916023587,27.106278193372646,0.45177130322287745,1516.1359477667627,1950.346205012826
10010_NT_AL,161,1314,6,211554,1191.3494778993554,19.855824631655924,0.33093041052759875,1110.5961977460483,1428.6628338086848
10011_NT_AL,152,708,3,107616,606.0309207749181,10.100515346248635,0.16834192243747723,564.952307290993,726.7505200712603
100125288_NT_AL,151,885,4,133635,752.5548440543802,12.54258073423967,0.20904301223732782,701.544394744572,902.4615833121736
100126572_NT_AL,101,633,3,63933,360.03359033882356,6.000559838980393,0.10000933064967321,335.629421852095,431.7512358730662
100127206_NT_AL,157,585,3,91845,517.2177921366001,8.620296535610002,0.14367160892683337,482.1592018207446,620.2460741520305
100127983_NT_AL,154,366,2,56364,317.40937052629243,5.290156175438208,0.08816926959063678,295.89440090831783,380.63639526925846
100128327_NT_AL,157,555,3,87135,490.6938027962616,8.17823004660436,0.13630383411007266,457.4330889068603,588.4385831698751
100128908_NT_AL,102,2202,9,224604,1264.8395120588918,21.080658534314864,0.35134430890524776,1179.1048545456642,1516.7918693324912
100129480_NT_AL,160,654,3,104640,589.2718141343985,9.821196902239974,0.16368661503733292,549.3291837173795,706.6530480621533
100129669_NT_AL,157,720,3,113040,636.5757441681232,10.609595736135386,0.17682659560225644,593.4267099332242,763.3797835717298
100129792_NT_AL,154,807,4,124278,699.8616448489562,11.664360747482602,0.1944060124580434,652.4229003634221,839.2720518641846
100129924_NT_AL,143,663,3,94809,533.9093217342144,8.89848869557024,0.14830814492617064,497.7193289283355,640.2625079675524
100130274_NT_AL,149,1650,7,245850,1384.4846665227626,23.074744442046043,0.38457907403410074,1290.64009763874,1660.2699910749272
100130301_NT_AL,148,504,2,74592,420.0588986994749,7.000981644991248,0.11668302741652081,391.58603279670075,503.7334113250395
100130613_NT_AL,128,966,4,123648,696.3138500964269,11.605230834940448,0.19342051391567414,649.1155858972337,835.0175467009665
100130742_NT_AL,152,1059,5,160968,906.478453531975,15.107974225532917,0.2517995704255486,845.0345952276293,1087.0463287506564
100130771_NT_AL,92,387,2,35604,200.5010863000872,3.34168477166812,0.05569474619446867,186.91051468915882,240.44032036701935
100130827_NT_AL,134,1161,5,155574,876.1025727460332,14.60170954576722,0.24336182576278698,816.7176837504549,1050.6196607341499
100130890_NT_AL,155,456,2,70680,398.0287827123403,6.633813045205671,0.11056355075342786,371.0491848733217,477.3149602162939
100130933_NT_AL,135,177,1,23895,134.5627866852203,2.242713111420338,0.037378551857005636,125.44171296757246,161.36730297634892
100130958_NT_AL,132,660,3,87120,490.60933149262996,8.176822191543833,0.1362803698590639,457.354343324332,588.3372854278937
100130988_NT_AL,155,1338,6,207390,1167.900244011209,19.465004066853485,0.32441673444755803,1088.736424036194,1400.5425806346518
100131017_NT_AL,153,4260,17,651780,3670.447085402506,61.17411809004177,1.0195686348340296,3421.653052019434,4401.589484575213
100131137_NT_AL,83,273,2,22659,127.60235126597225,2.126705854432871,0.03544509757388118,118.95307696724103,153.02036903708267
100131187_NT_AL,151,342,2,51642,290.81780414304865,4.846963402384144,0.08078272337306906,271.1052915284108,348.747866093518
100131211_NT_AL,156,1245,5,194220,1093.7344394226193,18.22890732371032,0.3038151220618387,1019.5978025763517,1311.6031631749943
100131755_NT_AL,141,15114,60,2131074,12000.97326103449,200.01622101724152,3.3336036836206917,11187.510902726784,14391.532279682771
100131897_NT_AL,159,1647,7,261873,1474.7169130620923,24.57861521770154,0.4096435869616923,1374.7561288954637,1768.4762390594444
100132146_NT_AL,122,234,1,28548,160.7657850717585,2.679429751195975,0.044657162519932916,149.86859266784927,192.7898625389751
100132916_NT_AL,157,486,2,76302,429.68862731348315,7.1614771218913855,0.11935795203152309,400.5630292049263,515.2813539109176
100132963_NT_AL,128,285,2,36480,205.43421043217563,3.4239035072029274,0.05706505845338212,191.5092567088112,246.35610849873234
100133315_NT_AL,35,1134,5,39690,223.51106940934898,3.7251844901558164,0.062086408169263606,208.36081136986613,268.0338252827491
100133941_NT_AL,70,249,1,17430,98.15565481997865,1.6359275803329776,0.027265459672216292,91.50236689787772,117.70797618237128
10013_NT_AL,156,3867,16,603252,3397.1655238933886,56.61942539822314,0.9436570899703857,3166.895343423897,4073.8710297170305
10015_NT_AL,159,2685,11,426915,2404.1377726604237,40.06896287767373,0.6678160479612288,2241.1780243377775,2883.0350345322454
100169851_NT_AL,125,300,2,37500,211.1782590791279,3.5196376513187984,0.05866062752197997,196.86395632073518,253.24435495346663
100170765_NT_AL,155,501,2,77655,437.3079389010581,7.288465648350968,0.12147442747251613,407.6658807489784,524.4184102376387
100188893_NT_AL,148,222,1,32856,185.0259434747687,3.0837657245794783,0.05139609540965797,172.48432396997535,221.88257403602933
10018_NT_AL,157,633,3,99381,559.6561750811416,9.327602918019027,0.15546004863365043,521.7209824829596,671.1380597234792
10020_NT_AL,162,2169,9,351378,1978.7571818321549,32.97928636386925,0.5496547727311542,1844.6310198417943,2372.9198654623788
10022_NT_AL,142,432,2,61344,345.4538433320006,5.757564055533343,0.09595940092555572,322.03793430771145,414.26724560707885
10024_NT_AL,161,2988,12,481068,2709.096073031411,45.15160121719018,0.7525266869531697,2525.465326381425,3248.7401426334477
10026_NT_AL,156,1206,5,188136,1059.4728786696214,17.657881311160356,0.2942980218526726,987.6585943028756,1270.516799027344
100271715_NT_AL,159,2706,11,430254,2422.941084848829,40.38235141414715,0.6730391902357858,2258.7067910085757,2905.583911897302
100271849_NT_AL,14,1143,5,16002,90.11398671424546,1.5018997785707575,0.025031662976179293,84.00578744118411,108.06443114574328
100272147_NT_AL,149,210,1,31290,176.20713937562434,2.9367856562604056,0.04894642760434009,164.26328515402145,211.30708977317255
100287284_NT_AL,150,1023,4,153450,864.1414361517914,14.402357269196523,0.24003928781994205,805.5673092644483,1036.2759004695854
100287718_NT_AL,156,606,3,94536,532.3719440081182,8.872865733468638,0.14788109555781062,496.28615932632056,638.4188890634912
100288072_NT_AL,149,3141,13,468009,2635.555356089695,43.92592260149492,0.7320987100249153,2456.909422232292,3160.5503284644524
100288814_NT_AL,85,627,3,53295,300.1265418032566,5.002109030054276,0.08336848383423795,279.78305472302884,359.91087725986677
100303755_NT_AL,151,243,1,36693,206.63370294374508,3.443895049062418,0.05739825081770697,192.62744398071297,247.79453643486804
100310846_NT_AL,151,1269,5,191619,1079.087115372891,17.984785256214852,0.29974642093691417,1005.9433185659454,1294.0381347154218
100316904_NT_AL,155,984,4,152520,858.904215326629,14.315070255443818,0.23858450425739694,800.6850831476942,1029.9954404667394
100329135_NT_AL,140,378,2,52920,298.0147592124653,4.966912653541089,0.08278187755901814,277.81441515982146,357.3784337103321
10036_NT_AL,157,2949,12,462993,2607.3081521552713,43.45513586925452,0.7242522644875754,2430.5768994348305,3126.6763635458765
100381270_NT_AL,125,2985,12,373125,2101.2236778373226,35.02039463062204,0.5836732438437007,1958.796365391315,2519.7813317869927
10038_NT_AL,160,1689,7,270240,1521.8350062278273,25.36391677046379,0.42273194617439647,1418.680414829746,1824.980119536662
10040_NT_AL,160,1470,6,235200,1324.5100409442903,22.075167349071503,0.3679194558178584,1234.7307340436512,1588.3485942681427
100423062_NT_AL,20,354,2,7080,39.87045531413935,0.6645075885689892,0.011075126476149819,37.1679149533548,47.8125342152145
10042_NT_AL,161,1923,8,309603,1743.5046012180064,29.05841002030011,0.48430683367166844,1625.3245725004954,2090.8056540442167
10046_NT_AL,150,2775,11,416250,2344.07867577832,39.067977929638666,0.6511329654939777,2185.1899151601606,2811.0123399834797
10047_NT_AL,108,438,2,47304,266.3887031327751,4.439811718879585,0.07399686198132642,248.3320690612282,319.4525591125009
10048_NT_AL,153,1506,6,230418,1297.58058934652,21.62634315577533,0.3604390525962555,1209.626642333631,1556.0548741244766
100499483_NT_AL,148,5169,21,765012,4308.1040622571145,71.8017343709519,1.1966955728491984,4016.0877054090206,5166.265879244304
10049_NT_AL,149,981,4,146169,823.1390653689879,13.718984422816465,0.2286497403802744,767.3442035052144,987.1059765118204
1004_NT_AL,143,2379,10,340197,1915.792272105122,31.929871201752032,0.5321645200292006,1785.934062625204,2297.412528589453
100500938_NT_AL,90,204,1,18360,103.39287564514102,1.7232145940856836,0.028720243234761394,96.38459301463195,123.98843618521725
100505478_NT_AL,120,369,2,44280,249.35928832063422,4.155988138677237,0.06926646897795395,232.4569596235241,299.03093432905337
100505741_NT_AL,148,1332,6,197136,1110.1556608486123,18.502594347476872,0.30837657245794786,1034.905943819852,1331.2954442161758
100505753_NT_AL,141,3372,14,475452,2677.4700169517205,44.62450028252867,0.7437416713754779,2495.9829802828317,3210.8142680356164
100505876_NT_AL,128,240,1,30720,172.99722983762157,2.8832871639603597,0.048054786066005994,161.27095301794625,207.45777557787986
100505993_NT_AL,143,507,2,72501,408.28359897322275,6.804726649553713,0.11341211082589521,380.6088985922566,489.6125060928342
100506013_NT_AL,151,162,1,24462,137.75580196249672,2.2959300327082786,0.03826550054513798,128.418295987142,165.19635762324535
100506049_NT_AL,157,798,4,125286,705.5381164530031,11.758968607550052,0.1959828101258342,657.7146035093234,846.0792601253338
100506374_NT_AL,28,489,2,13692,77.10540595497118,1.2850900992495196,0.021418168320825326,71.87896773182683,92.46457888060974
100506564_NT_AL,156,1665,7,259740,1462.7050936856715,24.378418228094525,0.4063069704682421,1363.5585070599402,1754.0717001496912
100506581_NT_AL,134,723,3,96882,545.5832558961085,9.093054264935143,0.15155090441558572,508.60196843374575,654.2618559093801
100506658_NT_AL,157,1641,7,257637,1450.862216916514,24.181036948608565,0.4030172824768094,1352.5183763894734,1739.8697567239008
100507003_NT_AL,148,2055,9,304140,1712.740152435359,28.545669207255983,0.4757611534542664,1596.6454313436907,2053.913016414596
100507027_NT_AL,141,138,1,19458,109.57617507097788,1.826269584516298,0.030437826408604967,102.14876965570308,131.40343089825475
100507096_NT_AL,158,660,3,104280,587.2445028472389,9.787408380787316,0.1631234730131219,547.4392897367004,704.2219022546
100507290_NT_AL,138,3915,16,540270,3042.4874142048116,50.70812357008019,0.8451353928346699,2836.258391504096,3648.5420706855843
100507341_NT_AL,154,285,2,43890,247.1630344262113,4.119383907103522,0.06865639845172536,230.40957447778845,296.39719303753736
100507537_NT_AL,86,105,1,9030,50.851724786253996,0.8475287464375666,0.014125479107292777,47.40484068203303,60.98124067279476
100507588_NT_AL,139,903,4,125517,706.8389745289306,11.780649575482178,0.1963441595913696,658.9272854802591,847.6392453518472
100507650_NT_AL,160,936,4,149760,843.3614954584052,14.056024924306753,0.23426708207177924,786.1958959624881,1011.3566559421644
100507747_NT_AL,107,699,3,74793,421.190814168139,7.019846902802317,0.11699744838003862,392.6412236025799,505.0908010675901
10050_NT_AL,127,1506,6,191262,1077.0766983464575,17.95127830577429,0.29918797176290485,1004.0691737017721,1291.6272484562649
10051_NT_AL,160,3912,16,625920,3524.81855794154,58.74697596569233,0.9791162660948722,3285.895667740655,4226.952177399302
10052_NT_AL,161,1197,5,192717,1085.2704147987279,18.087840246645463,0.30146400411075774,1011.7074952070166,1301.4531294284593
100533177_NT_AL,141,1017,4,143397,807.5287684578587,13.458812807630979,0.22431354679384966,752.7920198539857,968.3861537936601
10054_NT_AL,160,1941,8,310560,1748.8938703897056,29.14823117316176,0.48580385288602934,1630.3485406658006,2097.268449982629
10056_NT_AL,161,1773,7,285453,1607.505802371048,26.791763372850802,0.44652938954751337,1498.5441846299418,1927.7162894541843
10057_NT_AL,156,4320,17,673920,3795.1267295628236,63.252112159380395,1.0542018693230066,3537.8815318311963,4551.10495173974
1005_NT_AL,158,2364,10,373512,2103.403037471019,35.05671729118365,0.5842786215197275,1960.828001420545,2522.3948135301125
10060_NT_AL,159,4770,19,758430,4271.038054223546,71.18396757039244,1.1863994595065406,3981.534143795605,5121.816430062871
100652824_NT_AL,154,3744,15,576576,3246.94175751486,54.115695958581,0.90192826597635,3026.854199455579,3893.7231253773325
10069_NT_AL,157,879,4,138003,777.152887671917,12.952548127865283,0.21587580213108806,724.4751083768111,931.9594857771534
10073_NT_AL,157,1098,5,172386,970.7780098563878,16.179633497606464,0.26966055829344104,904.9757326481669,1164.154169946888
10075_NT_AL,155,13410,53,2078550,11705.1885442379,195.08647573729834,3.2514412622883055,10911.77537094571,14036.828106360748
10078_NT_AL,145,1098,5,159210,896.5784167463454,14.94297361243909,0.24904956020731817,835.8056129553133,1075.1742333904378
1007_NT_AL,150,2376,10,356400,2007.0381742880315,33.45063623813386,0.5575106039688976,1870.9950408722673,2406.834349477747
10081_NT_AL,145,1542,7,223590,1259.1292519333922,20.985487532223203,0.3497581255370534,1173.7816531667515,1509.9441419745494
100820829_NT_AL,142,1437,6,204054,1149.1138260835298,19.151897101392162,0.31919828502320274,1071.2234064819013,1378.0139628179913
10082_NT_AL,152,1683,7,255816,1440.6074006556316,24.010123344260528,0.40016872240434215,1342.9586626705384,1727.5722108473606
10083_NT_AL,161,2622,11,422142,2377.2590038448325,39.62098339741387,0.6603497232902312,2216.1211799772746,2850.8020930337684
10084_NT_AL,160,1389,6,222240,1251.5268346065436,20.858780576775725,0.3476463429462621,1166.694550739205,1500.8273451962245
10085_NT_AL,156,1446,6,225576,1270.3132525342228,21.171887542237048,0.35286479237061746,1184.2075682934976,1523.355963012885
100861412_NT_AL,147,927,4,136269,767.3880049720982,12.789800082868304,0.21316333471447171,715.3721190365403,920.2494668041052
10086_NT_AL,160,1668,7,266880,1502.9134342143375,25.048557236905626,0.41747595394842707,1401.0414043434082,1802.2894253328313
100874261_NT_AL,11,549,3,6039,34.00814684210276,0.5668024473683794,0.009446707456139656,31.702971525891193,40.78247092170626
10087_NT_AL,158,1884,8,297672,1676.316126309391,27.938602105156516,0.4656433684192753,1562.6903361574903,2010.2334300722218
100885848_NT_AL,131,474,2,62094,349.67740851358315,5.827956808559719,0.09713261347599532,325.97521343412615,419.3321327061482
1008_NT_AL,89,2373,10,211197,1189.3390608729221,19.82231768121537,0.3303719613535895,1108.722052881875,1426.2519475495278
10090_NT_AL,154,1296,6,199584,1123.9413776012977,18.73235629335496,0.3122059382225827,1047.7572228884696,1347.8272357075382
10092_NT_AL,155,462,2,71610,403.2660035375026,6.721100058958377,0.11201833431597295,375.9314109900759,483.59542021913984
10094_NT_AL,157,537,3,84309,474.7794091920585,7.912990153200975,0.13188316922001625,442.5974211585297,569.3540885805818
10096_NT_AL,152,1464,6,222528,1253.1486836362712,20.885811393937853,0.3480968565656309,1168.2064659237483,1502.7722618422672
10098_NT_AL,158,804,4,127032,715.3705761957274,11.922842936595456,0.19871404894325762,666.8805893156168,857.8703172919672
100996521_NT_AL,30,165,1,4950,27.875530198444885,0.4645921699740814,0.007743202832901357,25.986042234337045,33.428254853857595
100996939_NT_AL,141,360,2,50760,285.85089148950755,4.764181524825125,0.07940302541375209,266.47505127574715,342.7915588650124
10099_NT_AL,154,768,3,118272,666.0393348748431,11.100655581247386,0.18501092635412308,620.8931691190932,798.7124359748375
1009_NT_AL,150,2388,10,358200,2017.1747307238297,33.619578845397164,0.5603263140899527,1880.4445107756626,2418.9900785155132
10100_NT_AL,158,696,3,109968,619.276021184361,10.321267019739349,0.1720211169956558,577.2996146314296,742.6340060139418
10102_NT_AL,152,996,4,151392,852.5519732935288,14.209199554892146,0.23681999258153577,794.7634153415664,1022.3778502697392
10109_NT_AL,161,900,4,144900,815.9927930817503,13.599879884695838,0.22666466474493063,760.6823272233207,978.536187540195
1010_NT_AL,137,2391,10,327567,1844.6674344472717,30.744457240787863,0.5124076206797977,1719.6302821363804,2212.1198298411255
10112_NT_AL,161,2763,11,444843,2505.0978747609734,41.751631246016224,0.695860520766937,2335.294744575595,3004.1060957483987
10113_NT_AL,158,1290,6,203820,1147.796073746876,19.129934562447932,0.3188322427074655,1069.99497539446,1376.4337180430819
10116_NT_AL,159,1893,8,300987,1694.984284411986,28.2497380735331,0.47082896789221834,1580.0931098962433,2032.6202310501083
10117_NT_AL,158,3738,15,590604,3325.93932067118,55.432322011186336,0.9238720335197723,3100.4970682360395,3988.4567736783256
10124_NT_AL,157,600,3,94200,530.4797868067693,8.841329780112822,0.1473554963352137,494.5222582776868,636.1498196431081
10125_NT_AL,161,2409,10,387849,2184.1407094821516,36.40234515803586,0.606705752633931,2036.0930292010885,2619.215195315922
10127_NT_AL,156,2073,9,323388,1821.1337292554938,30.352228820924896,0.5058704803487483,1697.6917628439976,2183.898278925111
10128_NT_AL,158,4230,17,668340,3763.7034046118492,62.72839007686415,1.0454731679477358,3508.5881751306706,4513.422191722663
10129_NT_AL,156,9048,36,1411488,7948.6820946954695,132.47803491159115,2.2079672485265194,7409.8963194464495,9532.036482254898
1012_NT_AL,154,2124,9,327096,1842.015035513238,30.7002505918873,0.5116708431981216,1717.1576708449918,2208.93908074291
10130_NT_AL,159,1329,6,211311,1189.9810427805226,19.833017379675375,0.33055028966125627,1109.3205193090898,1427.0218103885863
10133_NT_AL,159,1800,8,286200,1611.7124732919042,26.86187455486507,0.44769790924775116,1502.4657146398508,1932.7609170048572
10135_NT_AL,156,1482,6,231192,1301.939308613913,21.69898847689855,0.36164980794830914,1213.689914392091,1561.2818376107161
10137_NT_AL,48,3168,13,152064,856.3362876962268,14.272271461603781,0.23787119102672966,798.291217438834,1026.9159891105053
10138_NT_AL,105,612,3,64260,361.8750647579936,6.031251079299893,0.10052085132166488,337.3460755512118,433.9595266482604
10140_NT_AL,160,1173,5,187680,1056.9049510392194,17.615082517320324,0.2935847086220054,985.2647285940154,1267.4373476711098
101410538_NT_AL,82,297,2,24354,137.14760857634883,2.2857934762724805,0.03809655793787468,127.85132779293826,164.46701388097935
10142_NT_AL,156,12891,51,2010996,11324.763581202398,188.74605968670664,3.1457676614451104,10557.136765471285,13580.623595573375
10143_NT_AL,162,588,3,95256,536.4265665824375,8.94044277637396,0.14900737960623264,500.0659472876787,643.2811806785978
10144_NT_AL,155,3114,13,482670,2718.117608259271,45.30196013765452,0.7550326689609086,2533.875354595447,3259.55874147706
10146_NT_AL,149,1425,6,212325,1195.6913029060222,19.928188381767036,0.3321364730294506,1114.6437206880025,1433.869537746528
10147_NT_AL,157,3537,14,555309,3127.178343225905,52.119639053765084,0.8686606508960847,2915.2087125469634,3750.103186796123
10149_NT_AL,156,3141,13,489996,2759.3733929529694,45.989556549216154,0.7664926091536026,2572.3346971022656,3309.0325586607687
10152_NT_AL,159,1653,7,262827,1480.0892879730654,24.66815479955109,0.41113591332585153,1379.7643479442631,1774.9187754494606
10157_NT_AL,157,2790,11,438030,2466.731008651477,41.11218347752462,0.6852030579587437,2299.5285009912436,2958.096661340453
10159_NT_AL,155,1056,5,163680,921.7508652285775,15.362514420476291,0.25604190700793816,859.271796548745,1105.3609605008912
1015_NT_AL,160,2520,10,403200,2270.588641618783,37.84314402697972,0.6307190671163286,2116.6812583605447,2722.883304459673
10163_NT_AL,161,1551,7,249711,1406.2275800775496,23.437126334625827,0.3906187722437638,1310.9092105815228,1686.3440298609362
10165_NT_AL,159,2031,8,322929,1818.5489073643653,30.309148456072755,0.5051524742678792,1695.282148018632,2180.7985680204806
10166_NT_AL,148,906,4,134088,755.1058774240561,12.585097957067601,0.20975163261779337,703.9225113369264,905.5207751200115
10169_NT_AL,150,399,2,59850,337.04050149028814,5.6173416915048024,0.09362236152508004,314.19487428789336,404.17799050573274
1016_NT_AL,135,2373,10,320355,1804.0536316611738,30.06756052768623,0.5011260087947705,1681.7694060567765,2163.4158754964747
10170_NT_AL,161,978,4,157458,886.7121684821686,14.778536141369477,0.24630893568949128,826.6081289160086,1063.342657127012
10171_NT_AL,157,1119,5,175683,989.3448023946247,16.489080039910412,0.27481800066517353,922.2840116878858,1186.4194136343967
10174_NT_AL,161,2190,9,352590,1985.5824631655921,33.093041052759865,0.5515506842126645,1850.9936629100805,2381.1047230144745
10175_NT_AL,159,438,2,69642,392.18336850103003,6.536389475017168,0.10893982458361945,365.5999905623637,470.30515647118193
10178_NT_AL,147,8205,33,1206135,6792.253053717438,113.2042175619573,1.886736959365955,6331.853545517598,8145.250134981319
10179_NT_AL,159,840,4,133560,752.1324875362219,12.53554145893703,0.20892569098228386,701.1506668319304,901.9550946022667
1017_NT_AL,159,1128,5,179352,1010.0064832629266,16.833441387715443,0.28055735646192403,941.5451811743065,1211.1968413230438
10180_NT_AL,158,3498,14,552684,3112.395865090366,51.87326441817277,0.8645544069695461,2901.4282356045123,3732.37608194938
10181_NT_AL,161,2475,10,398475,2243.9801809748133,37.399669682913554,0.6233278280485592,2091.876399864132,2690.9745157355364
10189_NT_AL,151,795,4,120045,676.0238429641042,11.267064049401737,0.18778440082336229,630.2008969739375,810.6858290770374
10190_NT_AL,160,687,3,109920,619.0057130127398,10.316761883545663,0.1719460313924277,577.047628767339,742.3098532396014
101928108_NT_AL,13,429,2,5577,31.406430690247902,0.5234405115041317,0.008724008525068862,29.277607584019737,37.66250046867955
101928147_NT_AL,160,768,3,122880,691.9889193504863,11.533148655841439,0.19221914426402398,645.083812071785,829.8311023115194
101928527_NT_AL,119,162,1,19278,108.56251942739807,1.809375323789968,0.030156255396499465,101.20382266536355,130.18785799447812
101928601_NT_AL,155,1869,8,289695,1631.3942870380788,27.18990478396798,0.4531650797327997,1520.8134353689434,1956.3632908865204
101928603_NT_AL,153,645,3,98685,555.736706592633,9.262278443210551,0.15437130738684252,518.0671874536467,666.4378444955428
101929926_NT_AL,43,474,2,20382,114.7796073746876,1.9129934562447934,0.03188322427074656,106.99949753944598,137.64337180430817
10196_NT_AL,158,1638,7,258804,1457.4340843390564,24.29056807231761,0.4048428012052935,1358.6447827101747,1747.7507210500528
10197_NT_AL,159,732,3,116388,655.4297391387076,10.923828985645127,0.18206381642741878,611.0027239535394,785.9894395819753
10198_NT_AL,159,3699,15,588141,3312.069132614863,55.20115221024772,0.9200192035041286,3087.567043584894,3971.8236844449816
10199_NT_AL,154,2217,9,341418,1922.6682362207384,32.044470603678974,0.5340745100613162,1792.343953043007,2305.658164786738
1019_NT_AL,158,912,4,144096,811.4651312070937,13.52441885345156,0.22540698089085937,756.4615639998042,973.1066285699927
10200_NT_AL,157,489,2,76773,432.341026247517,7.20568377079195,0.12009472951319916,403.0356404963147,518.4621030091331
10201_NT_AL,155,564,3,87420,492.298757565263,8.204979292754382,0.1367496548792397,458.92925497489784,590.3632402675214
10202_NT_AL,39,924,4,36036,202.93385984467875,3.3822309974113125,0.056370516623521875,189.17838746597369,243.35769533608328
10203_NT_AL,162,1416,6,229392,1291.8027521781148,21.53004586963525,0.3588340978272541,1204.2404444886956,1549.1261085729498
10204_NT_AL,149,381,2,56769,319.690095724347,5.32816826207245,0.08880280436787416,298.0205316365818,383.3714343027559
10205_NT_AL,160,663,3,106080,597.3810592830371,9.956350988050618,0.16593918313417697,556.8887596400957,716.3776312923663
10206_NT_AL,161,1236,5,198996,1120.630102498937,18.677168374982283,0.3112861395830381,1044.6703960533605,1343.8563642218678
10207_NT_AL,156,5952,24,928512,5228.841271842112,87.14735453070188,1.4524559088450313,4874.414554967426,6270.411266841419
10208_NT_AL,158,3459,14,546522,3077.695053558484,51.29491755930806,0.8549152926551343,2869.079550301889,3690.762969543426
10209_NT_AL,141,360,2,50760,285.85089148950755,4.764181524825125,0.07940302541375209,266.47505127574715,342.7915588650124
10210_NT_AL,160,3276,13,524160,2951.765234104418,49.196087235073634,0.8199347872512273,2751.6856358687082,3539.748295797575
10213_NT_AL,161,930,4,149730,843.192552851142,14.0532092141857,0.23422015356976164,786.0384047974314,1011.1540604582016
102157402_NT_AL,154,519,3,79926,450.09689427089006,7.501614904514835,0.12502691507524724,419.58796194376214,539.7548883736206
10217_NT_AL,151,756,3,114156,642.860409158318,10.714340152638634,0.17857233587731056,599.2853812733292,770.916335575145
10219_NT_AL,131,624,3,81744,460.3348162710462,7.67224693785077,0.12787078229751284,429.1319265461914,552.0321747017647
1021_NT_AL,158,1029,5,162582,915.5675658027407,15.259459430045677,0.25432432383409465,853.5076199076738,1097.9459657878535
10223_NT_AL,158,1110,5,175380,987.6384820612653,16.460641367687757,0.2743440227947959,920.6933509208143,1184.3731992463727
10225_NT_AL,154,1902,8,292908,1649.4880402759786,27.491467337932978,0.4581911222988829,1537.680739146504,1978.0612672189334
102288414_NT_AL,127,393,2,49911,281.06981570395607,4.684496928399268,0.07807494880665446,262.0180513046457,337.05810666886595
10228_NT_AL,161,765,3,123165,693.5938741194877,11.559897901991462,0.19266496503319103,646.5799781398226,831.7557594091658
10229_NT_AL,160,687,3,109920,619.0057130127398,10.316761883545663,0.1719460313924277,577.047628767339,742.3098532396014
1022_NT_AL,158,1044,5,164952,928.9140317765415,15.481900529609025,0.25803167549348377,865.9494219471443,1113.9510090209128
10231_NT_AL,159,798,4,126882,714.5258631594108,11.90876438599018,0.1984794064331697,666.0931334903339,856.8573398721534
10234_NT_AL,159,1341,6,213219,1200.7257926024686,20.012096543374476,0.3335349423895746,1119.336957406689,1439.9068831686186
10236_NT_AL,160,1926,8,308160,1735.3784618086415,28.92297436347736,0.4820495727246226,1617.7492474612734,2081.0608112656073
10240_NT_AL,154,1203,5,185262,1043.288176893797,17.388136281563284,0.2898022713593881,972.5709406904544,1251.1081516637103
10241_NT_AL,156,1824,8,284544,1602.38684137097,26.70644735618283,0.4451074559363805,1493.7722023287272,1921.5776462901122
10242_NT_AL,158,708,3,111864,629.9531939634018,10.49921989939003,0.17498699832316716,587.2530562630059,755.4380406003891
10243_NT_AL,152,2418,10,367536,2069.7496701041696,34.49582783506949,0.5749304639178249,1929.4557613412728,2482.037793124728
10244_NT_AL,160,1134,5,181440,1021.7648887284524,17.029414812140875,0.2838235802023479,952.5065662622451,1225.2974870068529
10245_NT_AL,158,534,3,84372,475.13418866731143,7.91890314445519,0.13198171907425318,442.9281526051485,569.7795390969036
10246_NT_AL,130,1452,6,188760,1062.9868849006982,17.716448081678305,0.29527413469463837,990.9344105360526,1274.7307850937696
1024_NT_AL,154,1416,6,218064,1228.010023675492,20.466833727924868,0.34111389546541443,1144.7717805633279,1472.6260538286065
10250_NT_AL,154,2817,12,433818,2443.0114665917094,40.71685777652849,0.6786142962754749,2277.4167414172985,2929.6522553920795
10251_NT_AL,155,879,4,136245,767.2528508862875,12.78754751477146,0.21312579191285766,715.246126104495,920.0873904169349
10252_NT_AL,149,1011,4,150639,848.31151385122,14.138525230853666,0.23564208718089444,790.8103870986461,1017.2927036222736
10253_NT_AL,160,972,4,155520,875.7984760529592,14.596641267549321,0.24327735445915535,816.434199653353,1050.2549888630167
10254_NT_AL,160,1620,7,259200,1459.664126754932,24.327735445915536,0.4054622574319256,1360.7236660889216,1750.4249814383613
10257_NT_AL,149,3996,16,595404,3352.9701378333084,55.88283563055514,0.9313805938425856,3125.695654645094,4020.8720511123693
10260_NT_AL,159,5898,24,937782,5281.044537486473,88.01740895810788,1.4669568159684647,4923.079324969912,6333.013271385916
10261_NT_AL,158,756,3,119448,672.6618850795645,11.211031417992741,0.18685052363321236,627.0668227893113,806.6541789461781
10262_NT_AL,155,1272,5,197160,1110.2908149344228,18.50484691557371,0.30841411525956186,1035.0319367518973,1331.4575206033462
10266_NT_AL,153,633,3,96849,545.3974190281189,9.089956983801981,0.15149928306336635,508.4287281521835,654.0390008770211
10269_NT_AL,162,1443,6,233766,1316.4345843171043,21.94057640528507,0.36567627342141784,1227.2026563539462,1578.664530134722
10270_NT_AL,158,2289,9,361662,2036.6707076020148,33.944511793366914,0.5657418632227819,1898.6189912231928,2442.3695973648173
102723796_NT_AL,83,1335,6,110805,623.9895199270071,10.399825332116786,0.17333042220194642,581.6936181365083,748.2864200165031
102723899_NT_AL,28,390,2,10920,61.49510904384205,1.0249184840640342,0.017081974734400568,57.32678408059809,73.74475616244948
102724231_NT_AL,10,501,2,5010,28.21341541297149,0.4702235902161915,0.007837059836936526,26.30102456445022,33.833445821783144
10274_NT_AL,155,3786,15,586830,3304.686340677457,55.078105677957616,0.9179684279659602,3080.6846796719205,3962.9702617958087
10276_NT_AL,159,1812,8,288108,1622.4572231138502,27.04095371856417,0.4506825619760695,1512.48215273745,1945.6459897848897
10277_NT_AL,157,4302,17,675414,3803.540071404536,63.392334523408934,1.0565389087234822,3545.7245918510143,4561.194206841085
10278_NT_AL,155,1731,7,268305,1510.9382080593443,25.18230346765574,0.4197050577942623,1408.522234683596,1811.912710821063
10282_NT_AL,161,360,2,57960,326.3971172327001,5.439951953878335,0.09066586589797225,304.2729308893283,391.41447501607803
10283_NT_AL,155,1437,6,222735,1254.314387626388,20.905239793773134,0.34842066322955223,1169.2931549626387,1504.1701706816104
10284_NT_AL,158,525,3,82950,467.12630908303095,7.785438484717182,0.1297573080786197,435.46307138146625,560.1765131570681
10285_NT_AL,161,717,3,115437,650.074258488461,10.834570974807685,0.1805761829134614,606.0102540212455,779.5671627403553
10286_NT_AL,157,675,3,105975,596.7897601576154,9.946496002626924,0.1657749333771154,556.3375405623976,715.6685470984967
10289_NT_AL,50,339,2,16950,95.45257310376581,1.590876218396097,0.02651460363993495,88.98250825697231,114.46644843896692
1028_NT_AL,51,813,4,41463,233.49557749861015,3.891592958310169,0.06485988263850281,217.66853922471049,280.007218384949
10293_NT_AL,162,1461,6,236682,1332.8558057430973,22.214263429051623,0.37023772381752706,1242.5107975974465,1598.3568111759037
10294_NT_AL,158,1242,5,196236,1105.0873826307131,18.41812304384522,0.3069687173974203,1030.1812088681545,1325.2175796972926
10299_NT_AL,159,2904,12,461736,2600.2294569109386,43.337157615182306,0.7222859602530385,2423.9780196189595,3118.1876127678365
102_NT_AL,158,2262,9,357396,2012.6470688491731,33.544117814152884,0.5590686302358814,1876.2237475521458,2413.560519545311
10302_NT_AL,158,315,2,49770,280.27578544981856,4.671263090830309,0.07785438484717182,261.2778428288797,336.1059078942409
10313_NT_AL,153,3279,13,501687,2825.2103270034786,47.08683878339131,0.7847806463898551,2633.709004124818,3387.9840187610616
10314_NT_AL,159,1197,5,190323,1071.7887947391164,17.863146578985273,0.29771910964975457,999.1397002355009,1285.2860098082301
1031_NT_AL,161,513,3,82593,465.1158920565976,7.751931534276626,0.12919885890461044,433.5889265172928,557.7656268979111
10324_NT_AL,147,1818,8,267246,1504.9745340229497,25.082908900382495,0.4180484816730416,1402.9627965570985,1804.761090237177
10325_NT_AL,124,1122,5,139128,783.4882354442908,13.058137257404846,0.21763562095674743,730.3810270664331,939.5568164257575
10327_NT_AL,156,975,4,152100,856.5390188249428,14.275650313749047,0.23792750522915077,798.4802068369019,1027.1591036912607
10330_NT_AL,156,549,3,85644,482.2973552152755,8.038289253587925,0.13397148755979876,449.60577800354787,578.3695876169252
10335_NT_AL,161,2742,11,441462,2486.058042922399,41.43430071537332,0.6905716785895554,2317.5454902737174,2981.2735847057943
1033_NT_AL,158,633,3,100014,563.2208640943973,9.387014401573287,0.15645024002622146,525.0440460656536,675.4128244350936
10342_NT_AL,161,1236,5,198996,1120.630102498937,18.677168374982283,0.3112861395830381,1044.6703960533605,1343.8563642218678
10343_NT_AL,75,6321,25,474075,2669.715551278335,44.49525918797225,0.7415876531328709,2488.754135806734,3201.515135321725
10344_NT_AL,121,291,2,35211,198.28793814493793,3.3047989690822988,0.05507998281803831,184.8473804269175,237.78631952710703
10345_NT_AL,120,1008,4,120960,681.176592485635,11.352943208093915,0.1892157201348986,635.0043775081634,816.864991337902
10347_NT_AL,144,7098,28,1022112,5755.942206503615,95.93237010839358,1.598872835139893,5365.786989943981,6902.509176805272
10350_NT_AL,106,6021,24,638226,3594.1188154409465,59.90198025734911,0.9983663376224852,3350.498543646868,4310.056844920832
10352_NT_AL,162,1089,5,176418,993.4838962725756,16.55806493787626,0.27596774896460435,926.1425452317723,1191.3830029914848
10360_NT_AL,160,558,3,89280,502.77319921558774,8.379553320259795,0.13965922200432992,468.69370720840635,602.9241602732134
10361_NT_AL,151,711,3,107361,604.59490861318,10.076581810219666,0.16794303017032777,563.613632388012,725.0284584575768
10363_NT_AL,160,1050,5,168000,946.078600674493,15.767976677908218,0.2627996112984703,881.9505243168936,1134.5347101915304
10367_NT_AL,156,1464,6,228384,1286.126280574068,21.4354380095678,0.35725730015946333,1198.9487413427942,1542.3189003118007
1036_NT_AL,159,603,3,95877,539.9236785527879,8.998727975879799,0.14997879959799665,503.3260144043501,647.4749071966272
10371_NT_AL,158,2325,10,367350,2068.702225939137,34.47837043231895,0.5746395072053159,1928.4793161179218,2480.781701124159
10379_NT_AL,161,1347,6,216867,1221.2692136456862,20.35448689409477,0.33924144823491287,1138.4878830775701,1464.5424940184919
10380_NT_AL,157,972,4,152604,859.3772546269663,14.322954243782771,0.23871590406304619,801.1260584098526,1030.5627078218351
10389_NT_AL,146,2574,11,375804,2116.3102526659354,35.27183754443226,0.5878639590738709,1972.8603264308683,2537.8731085048685
10393_NT_AL,159,564,3,89676,505.0032416314633,8.416720693857721,0.14027867823096202,470.7725905871533,605.5984206615219
10395_NT_AL,143,4698,19,671814,3783.2669585329395,63.054449308882326,1.050907488481372,3526.8256520442237,4536.882748765553
10396_NT_AL,161,3477,14,559797,3152.4521572724952,52.54086928787492,0.8756811547979153,2938.769390839429,3780.4114711969537
10399_NT_AL,153,963,4,147339,829.7278270522567,13.828797117537611,0.23047995195896018,773.4863589424214,995.0072003863685
103_NT_AL,159,4176,17,663984,3739.1729380372176,62.31954896728696,1.0386591494547828,3485.720457964454,4484.005327451269
10401_NT_AL,158,1935,8,305730,1721.694110620314,28.6949018436719,0.4782483640611983,1604.9924630916898,2064.6505770646227
10402_NT_AL,162,1011,4,163782,922.3252700932727,15.372087834887878,0.256201463914798,859.8072665099373,1106.0497851463645
10403_NT_AL,157,1953,8,306621,1726.711706056034,28.778528434267233,0.47964214057112053,1609.6699506938705,2070.667662938317
10404_NT_AL,157,1428,6,224196,1262.541892600111,21.042364876668515,0.3507060812778086,1176.9629747008946,1514.0365707505973
10406_NT_AL,150,411,2,61650,347.17705792608626,5.786284298768105,0.09643807164613508,323.64434419128867,416.3337195434991
10409_NT_AL,81,801,4,64881,365.37217672834396,6.089536278805733,0.10149227131342888,340.6061426678832,438.1532531662898
1040_NT_AL,156,1401,6,218556,1230.78068243461,20.513011373910167,0.3418835228985028,1147.354635670256,1475.948619765596
10412_NT_AL,150,783,4,117450,661.4103074358286,11.023505123930477,0.18372508539884128,616.5779111965426,793.1613197142575
10413_NT_AL,158,1338,6,211404,1190.5047648630389,19.841746081050648,0.33069576801751077,1109.8087419207654,1427.6498563888708
10419_NT_AL,161,1914,8,308154,1735.344673287189,28.92241122145315,0.48204018702421914,1617.7177492282622,2081.0202921688146
1041_NT_AL,157,2808,11,440856,2482.6454022556804,41.37742337092801,0.6896237228488001,2314.3641687395743,2977.181155929746
10420_NT_AL,157,1791,7,281187,1583.4821636182064,26.391369393636772,0.4398561565606129,1476.148940958895,1898.9072116346779
10421_NT_AL,160,1077,5,172320,970.4063361204086,16.173438935340144,0.26955731558900237,904.6292520850424,1163.7084598821698
10424_NT_AL,142,678,3,96276,542.1706152293898,9.03617692048983,0.1506029486748305,505.4206468996027,650.1694271333321
10425_NT_AL,158,1494,6,236052,1329.308010990568,22.155133516509466,0.3692522252751578,1239.2034831312583,1594.1023060126854
10427_NT_AL,154,3828,15,589512,3319.7898097667958,55.32983016277993,0.9221638360463321,3094.76438982798,3981.0822980620806
10428_NT_AL,150,939,4,140850,793.1855411012044,13.219759018353407,0.22032931697255678,739.4210199406814,951.1857972052206
10434_NT_AL,152,696,3,105792,595.7592102533093,9.92932017088849,0.16548866951480815,555.3768444555525,714.4327146463238
10436_NT_AL,161,759,3,122199,688.1539221656094,11.46923203609349,0.19115386726822484,641.5087626250005,825.2321848255644
10438_NT_AL,158,426,2,67308,379.03963365594507,6.317327227599084,0.1052887871266514,353.34717792096114,454.54322781887817
1043_NT_AL,20,225,1,4500,25.34139108949535,0.4223565181582558,0.0070392753026375975,23.62367475848822,30.389322594415994
10440_NT_AL,158,543,3,85794,483.142068251592,8.0523678041932,0.13420613006988666,450.3932338288308,579.382565036739
10443_NT_AL,137,3786,15,518682,2920.916314018139,48.68193856696898,0.8113656427828164,2722.927749129375,3502.7543604259727
10447_NT_AL,160,684,3,109440,616.3026312965269,10.271710521608782,0.17119517536014636,574.5277701264336,739.068325496197
10449_NT_AL,159,1197,5,190323,1071.7887947391164,17.863146578985273,0.29771910964975457,999.1397002355009,1285.2860098082301
1044_NT_AL,155,924,4,143220,806.5320070750053,13.442200117916753,0.2240366686319459,751.8628219801518,967.1908404382797
10450_NT_AL,149,915,4,136335,767.7596787080774,12.795994645134623,0.2132665774189104,715.7185995996648,920.6951768688233
10451_NT_AL,155,2547,10,394785,2223.200240281427,37.05333733802378,0.6175556223003964,2072.504986562172,2666.0552712081153
10456_NT_AL,158,894,4,141252,795.4493720385327,13.257489533975546,0.22095815889959242,741.5314015524397,953.9005766903218
10457_NT_AL,160,1743,7,278880,1570.4904771196584,26.17484128532764,0.43624735475546067,1464.0378703660435,1883.3276189179405
10460_NT_AL,149,3249,13,484101,2726.1761706257307,45.43626951042884,0.7572711585071474,2541.387683168646,3269.222546062084
10461_NT_AL,157,2985,12,468645,2639.1369393636774,43.98561565606129,0.7330935942676882,2460.248234931492,3164.8453527244633
10463_NT_AL,156,1728,7,269568,1518.0506918251294,25.300844863752157,0.4216807477292026,1415.1526127324785,1820.4419806958958
10464_NT_AL,158,2277,9,359766,2025.9935348229742,33.76655891371624,0.5627759818952706,1888.6655495916164,2429.56556277837
10465_NT_AL,159,531,3,84429,475.4551796211117,7.9242529936851955,0.13207088322808658,443.22738581875603,570.1644705164329
10466_NT_AL,150,2493,10,373950,2105.8695995370636,35.09782665895106,0.5849637776491843,1963.1273724303712,2525.352707595969
1046_NT_AL,115,879,4,101085,569.2521151736972,9.487535252894954,0.15812558754824924,530.6664806581738,682.6454832125646
10471_NT_AL,162,393,2,63666,358.53000113418017,5.975500018903003,0.09959166698171672,334.22775048309137,429.9481360657975
10475_NT_AL,133,2073,9,275709,1552.6332435319273,25.877220725532123,0.43128701209220205,1447.391054219562,1861.9132762630754
10477_NT_AL,157,618,3,97026,546.3941804109724,9.106569673516207,0.1517761612252701,509.35792602601737,655.2343142324014
10478_NT_AL,159,924,4,146916,827.3457362898441,13.789095604830736,0.22981826008051226,771.2657335151234,992.1506040624934
10479_NT_AL,155,2127,9,329685,1856.5947825200608,30.943246375334347,0.5157207729222391,1730.7491583893755,2226.4230710088973
10480_NT_AL,160,1122,5,179520,1010.9525618636011,16.849209364393353,0.2808201560732225,942.4271316986235,1212.3313760332355
10483_NT_AL,160,2307,10,369120,2078.669839767672,34.644497329461196,0.5774082888243532,1937.7712948562605,2492.7348346779627
10484_NT_AL,155,2298,9,356190,2005.8555760371885,33.43092626728647,0.5571821044547746,1869.8926027168711,2405.4161810900073
10486_NT_AL,161,1440,6,231840,1305.5884689308004,21.75980781551334,0.362663463591889,1217.0917235573131,1565.6579000643121
10487_NT_AL,162,1431,6,231822,1305.4871033664424,21.758118389440707,0.36263530649067843,1216.9972288582792,1565.5363427739344
10488_NT_AL,161,1188,5,191268,1077.1104868679104,17.951841447798508,0.29919735746330844,1004.1006719347833,1291.6677675530575
10489_NT_AL,160,2472,10,395520,2227.339334159378,37.12232223598963,0.6187053705998272,2076.3635201060583,2671.0188605652033
10490_NT_AL,160,699,3,111840,629.8180398775911,10.496967331293185,0.17494945552155308,587.1270633309606,755.2759642132189
10492_NT_AL,160,1881,8,300960,1694.832236065449,28.24720393442415,0.4707867322404025,1579.9513678476924,2032.4378951145418
10497_NT_AL,104,3822,15,397488,2238.4219691958506,37.307032819930846,0.6217838803321807,2086.6949405337705,2684.309124313161
10500_NT_AL,152,3039,12,461928,2601.310689597424,43.35517815995706,0.722586302665951,2424.9859630753217,3119.484223865198
10505_NT_AL,156,2388,10,372528,2097.861719952783,34.96436199921305,0.5827393666535509,1955.662291206689,2515.749681656134
10512_NT_AL,157,2286,9,358902,2021.127987733791,33.685466462229854,0.5614244410371642,1884.1298040379866,2423.730812840242
10513_NT_AL,160,1767,7,282720,1592.115130849361,26.535252180822685,0.44225420301371143,1484.1967394932867,1909.2598408651756
10514_NT_AL,161,5166,21,831726,4683.798632289247,78.06331053815411,1.301055175635902,4366.316558261861,5616.79771648072
10516_NT_AL,160,1359,6,217440,1224.4960174444152,20.40826695740692,0.3401377826234487,1141.4959643301509,1468.4120677621809
10521_NT_AL,155,1968,8,305040,1717.808430653258,28.630140510887635,0.4771690085147939,1601.3701662953883,2059.990880933479
10525_NT_AL,161,3117,13,501837,2826.055040039795,47.100917333996584,0.7850152888999431,2634.496459950101,3388.9969961808756
10526_NT_AL,133,3237,13,430521,2424.4446740534727,40.40741123422455,0.6734568539037424,2260.1084623775796,2907.387011704571
10527_NT_AL,160,3114,13,498240,2805.798821428925,46.76331369048208,0.7793885615080347,2615.6132692598158,3364.705797653739
10528_NT_AL,158,1887,8,298146,1678.9854195041512,27.98309032506919,0.4663848387511531,1565.1786965653844,2013.4344387188337
10529_NT_AL,151,3102,13,468402,2637.7685042448447,43.96280840408075,0.7327134734013457,2458.9725564945334,3163.204329304365
10531_NT_AL,149,3066,12,456834,2572.624234884115,42.87707058140192,0.7146178430233653,2398.243963248713,3085.083510688319
10533_NT_AL,160,2091,9,334560,1884.0479562003475,31.40079927000579,0.5233466545000965,1756.341472711071,2259.344837152848
10534_NT_AL,159,627,3,99693,561.41317819668,9.356886303278,0.15594810505463333,523.3588905995481,673.245052756692
105378220_NT_AL,72,2355,10,169560,954.8636162521848,15.91439360420308,0.26523989340338466,890.1400648998363,1145.0696753575946
105378952_NT_AL,16,3948,16,63168,355.72555385360937,5.9287592308934896,0.09881265384822482,331.613397143152,426.5850510320155
10537_NT_AL,109,495,2,53955,303.8432791630492,5.064054652717487,0.08440091087862478,283.24786035427377,364.36797790704776
10539_NT_AL,155,975,4,151125,851.0483840888854,14.184139734814757,0.2364023289135793,793.3617439725627,1020.5747504624705
10541_NT_AL,158,891,4,140778,792.7800788437725,13.213001314062874,0.22021668856771456,739.0430411445456,950.69956804371
10542_NT_AL,154,276,2,42504,239.35788597064672,3.9892980995107785,0.06648830165851298,223.13348265217408,287.0372816784572
10548_NT_AL,155,1836,8,284580,1602.5895724996858,26.709826208328096,0.4451637701388016,1493.9611917267953,1921.8207608708676
10549_NT_AL,156,825,4,128700,724.763785159567,12.079396419326116,0.20132327365543526,675.6370980927632,869.1346262002975
1054_NT_AL,152,462,2,70224,395.46085508193806,6.5910142513656345,0.10985023752276057,368.65531916446156,474.2355088600597
10551_NT_AL,158,537,3,84846,477.80348186207164,7.963391364367861,0.132723189406131,445.4165130130426,572.9805477435154
10552_NT_AL,159,1116,5,177444,999.2617334409806,16.654362224016342,0.2775727037336057,931.5287430767075,1198.3117685430116
10553_NT_AL,157,807,4,126699,713.4953132551047,11.891588554251745,0.19819314257086243,665.1324373834888,855.6215074199805
10555_NT_AL,150,1209,5,181350,1021.2580609066625,17.02096768177771,0.28368279469629515,952.0340927670753,1224.6897005549647
10556_NT_AL,160,816,4,130560,735.2382268098917,12.253970446831527,0.20423284078052548,685.4015503262716,881.6955462059894
10557_NT_AL,158,867,4,136986,771.4257332856911,12.857095554761518,0.21428492591269196,719.1361578813928,925.0914988708155
10558_NT_AL,147,1419,6,208593,1174.6748425624673,19.57791404270779,0.32629856737846313,1095.0518197549632,1408.666659541559
10559_NT_AL,161,1011,4,162771,916.6319042284994,15.277198403808322,0.25461997339680537,854.4998142475304,1099.222317336819
10560_NT_AL,161,1542,7,248262,1398.0676521467321,23.301127535778868,0.3883521255963145,1303.3023873092895,1676.5586679855342
10562_NT_AL,159,1527,6,242793,1367.269414842632,22.787823580710533,0.37979705967850885,1274.5917479194736,1639.6255112591207
10563_NT_AL,156,318,2,49608,279.3634953705967,4.656058256176611,0.07760097093627685,260.4273905375742,335.01189228084195
10565_NT_AL,159,5562,22,884358,4980.191542471984,83.00319237453306,1.383386539575551,4642.619058237139,5972.231233545009
10566_NT_AL,159,2670,11,424530,2390.7068353829914,39.84511392304986,0.6640852320508309,2228.657476715779,2866.928693557205
10569_NT_AL,162,1782,7,288684,1625.7009211733057,27.095015352888428,0.4515835892148071,1515.5059831065364,1949.535823076975
10574_NT_AL,162,1638,7,265356,1494.3311497653617,24.90551916275603,0.41509198604593384,1393.0408531585335,1791.9975747475223
10575_NT_AL,159,1626,7,258534,1455.9136008736868,24.265226681228114,0.4044204446871352,1357.2273622246653,1745.9273616943879
10576_NT_AL,159,1605,7,255195,1437.1102886852811,23.951838144754685,0.3991973024125781,1339.698595553867,1723.378484329331
10577_NT_AL,162,450,2,72900,410.5305356498246,6.842175594163744,0.11403625990272906,382.7035310875092,492.30702602953914
10579_NT_AL,144,3822,15,550368,3099.3534958096393,51.655891596827324,0.8609315266137887,2889.2699176621436,3716.735710587454
10580_NT_AL,159,4044,16,642996,3620.980689995811,60.34967816659685,1.0058279694432808,3375.5396388908653,4342.269526870913
10584_NT_AL,161,834,4,134274,756.1533215890886,12.602555359818144,0.2100425893303024,704.8989565602773,906.7768671205807
10590_NT_AL,149,831,4,123819,697.2768229578277,11.621280382630461,0.19368800637717434,650.0132855380563,836.1723409595543
10592_NT_AL,158,3582,14,565956,3187.136074543651,53.118934575727515,0.8853155762621252,2971.102327025547,3822.004324054511
10598_NT_AL,162,1035,5,167670,944.2202319945967,15.737003866576611,0.26228339777627685,880.2181215012712,1132.3061598679399
10600_NT_AL,161,2553,10,411033,2314.6995563752316,38.578325939587195,0.6429720989931199,2157.80220155682,2775.7809853223534
10605_NT_AL,161,1509,6,242949,1368.1479164004013,22.802465273340022,0.3800410878890004,1275.4107019777678,1640.679007775727
1060_NT_AL,154,3393,14,522522,2942.540967747842,49.04234946246403,0.8173724910410672,2743.0866182566183,3528.686582373208
10611_NT_AL,152,2235,9,339720,1913.1060846496355,31.885101410827257,0.531418356847121,1783.4299531008041,2294.1912603944447
10613_NT_AL,160,1050,5,168000,946.078600674493,15.767976677908218,0.2627996112984703,881.9505243168936,1134.5347101915304
10614_NT_AL,156,1485,6,231660,1304.5748132872206,21.742913554787012,0.36238189257978354,1216.1467765669736,1564.4423271605353
10615_NT_AL,161,5112,20,823032,4634.839064704342,77.24731774507237,1.287455295751206,4320.675618628462,5558.085545228308
10620_NT_AL,159,1866,8,296694,1670.8085973126074,27.846809955210123,0.46411349925350204,1557.5561241766454,2003.6288172950353
10621_NT_AL,160,951,4,152160,856.8769040394694,14.281281733991158,0.23802136223318596,798.7951891670151,1027.564294659186
10622_NT_AL,159,720,3,114480,644.6849893167616,10.744749821946026,0.17907916369910046,600.9862858559404,773.1043668019429
10623_NT_AL,160,1611,7,257760,1451.5548816062935,24.192581360104892,0.40320968933508156,1353.1640901662054,1740.7003982081483
10625_NT_AL,160,1929,8,308640,1738.0815435248544,28.96802572541424,0.482800428756904,1620.269106102179,2084.3023390090116
10628_NT_AL,158,1200,5,189600,1067.7172779040707,17.795287965067846,0.2965881327511307,995.3441631576371,1280.4034586447272
1062_NT_AL,154,11283,45,1737582,9785.054447126113,163.0842407854352,2.7180706797572536,9121.793785378552,11734.208873833451
10630_NT_AL,150,642,3,96300,542.3057693152005,9.038429488586674,0.15064049147644457,505.54663983164795,650.3315035205023
10632_NT_AL,160,315,2,50400,283.8235802023479,4.730393003372465,0.07883988338954108,264.5851572950681,340.36041305745914
10635_NT_AL,156,1242,5,193752,1091.0989347493116,18.18498224582186,0.30308303743036435,1017.1409404014689,1308.442673625175
1063_NT_AL,155,12933,51,2004615,11288.829488637493,188.14715814395822,3.1357859690659704,10523.638394663749,13537.531536134493
10640_NT_AL,160,2121,9,339360,1911.0787733624759,31.851312889374597,0.53085521482291,1781.540059120125,2291.7601145868916
10643_NT_AL,156,1773,7,276588,1557.5832619247421,25.959721032079035,0.43266201720131725,1452.0055453557202,1867.8493239431848
10650_NT_AL,151,450,2,67950,382.65500545137974,6.3775834241896625,0.10629305706982771,356.71748885317214,458.87877117568155
10651_NT_AL,158,789,4,124662,702.0241102219264,11.700401837032107,0.19500669728386846,654.4387872761464,841.8652740589082
10652_NT_AL,161,594,3,95634,538.5552434339552,8.975920723899254,0.14959867873165422,502.0503359673917,645.8338837765288
10655_NT_AL,157,1815,8,284955,1604.7013550904771,26.745022584841287,0.44575037641402143,1495.9298312900025,1924.353204420402
10657_NT_AL,162,1443,6,233766,1316.4345843171043,21.94057640528507,0.36567627342141784,1227.2026563539462,1578.664530134722
10658_NT_AL,162,1545,7,250290,1409.4881723977312,23.491469539962186,0.3915244923327031,1313.948790067115,1690.2541227014176
10659_NT_AL,153,1503,6,229959,1294.9957674553914,21.58326279092319,0.3597210465153865,1207.2170275082651,1552.955163219846
10664_NT_AL,161,2193,9,353073,1988.3024391425313,33.13837398570885,0.5523062330951476,1853.5292706674916,2384.3665103062754
10666_NT_AL,157,1065,5,167205,941.6016215820155,15.693360359700257,0.2615560059950043,877.777008442894,1129.165929866517
10667_NT_AL,153,1374,6,210222,1183.8484261368646,19.730807102281076,0.32884678503801795,1103.6035900175357,1419.6675943207376
10668_NT_AL,162,1008,4,163296,919.5883998556072,15.326473330926786,0.2554412221821131,857.2559096360206,1102.7677383061675
10671_NT_AL,158,585,3,92430,520.5121729782345,8.675202882970575,0.14458671471617626,485.2302795393481,624.1966860893045
10672_NT_AL,158,1131,5,178698,1006.3235344245866,16.772058907076442,0.2795343151179407,938.1118737760729,1206.7802597726554
10675_NT_AL,154,1635,7,251790,1417.9353027608963,23.63225504601494,0.3938709174335823,1321.8233483199442,1700.3838968995562
10678_NT_AL,159,1194,5,189846,1069.1026072836298,17.818376788060498,0.29697294646767497,996.6355907111011,1282.064741613222
10683_NT_AL,157,1959,8,307563,1732.0165039241017,28.866941732068362,0.4811156955344727,1614.6151732766473,2077.029161134748
10686_NT_AL,162,717,3,116154,654.1119868020539,10.901866446700899,0.18169777411168164,609.774292866098,784.4091948070657
10687_NT_AL,142,1131,5,160602,904.4173537233627,15.073622562056045,0.2512270427009341,843.113203013939,1084.5746638463106
10690_NT_AL,161,1080,5,173880,979.1913516981002,16.319855861635002,0.27199759769391674,912.8187926679849,1174.243425048234
10692_NT_AL,156,1023,4,159588,898.707093597863,14.978451559964384,0.24964085933273975,837.7900016350263,1077.726936488369
10693_NT_AL,152,1602,7,243504,1371.2733546347722,22.85455591057954,0.3809092651763256,1278.3242885313148,1644.4270242290384
10694_NT_AL,161,2043,8,328923,1852.303640295573,30.87172733825955,0.5145287889709925,1726.748882796938,2221.2771457162426
10699_NT_AL,157,3126,13,490782,2763.799689263268,46.063328154387804,0.7677221359064634,2576.460965626748,3314.3405603405936
1069_NT_AL,150,522,3,78300,440.94020495721907,7.349003415953651,0.12248339026589418,411.05194079769507,528.7742131428383
1070_NT_AL,157,519,3,81483,458.86501558785545,7.647750259797591,0.12746250432995984,427.76175341019905,550.2695939912886
10713_NT_AL,157,1722,7,270354,1522.476988135428,25.3746164689238,0.4229102744820633,1419.278881256961,1825.7499823757205
10714_NT_AL,157,1470,6,230790,1299.6754776765847,21.661257961276412,0.36102096602127354,1211.5795327803326,1558.567058125615
10717_NT_AL,161,2265,9,364665,2053.5818625890715,34.226364376484526,0.5704394062747421,1914.3838568453573,2462.6494053094907
10718_NT_AL,142,2028,8,287976,1621.7138756418917,27.02856459403153,0.45047607656719213,1511.789191611201,1944.7545696554535
10725_NT_AL,161,4860,19,782460,4406.3610826414515,73.43935137735753,1.2239891896226254,4107.684567005932,5284.0954127170535
10732_NT_AL,140,1002,4,140280,789.9756315632017,13.16626052605336,0.21943767543422268,736.4286878046062,947.336483009928
10734_NT_AL,158,3780,15,597240,3363.3094253978225,56.05515708996371,0.9342526181660618,3135.334113946557,4033.270894730891
10735_NT_AL,154,3813,15,587202,3306.7812290075217,55.1130204834587,0.9185503413909782,3082.6375701186225,3965.482445796947
1073_NT_AL,155,507,2,78585,442.54515972622045,7.375752662103674,0.12292921103506124,412.5481068657327,530.6988702404847
10745_NT_AL,162,2355,10,381510,2148.443136567416,35.80738560945693,0.5967897601576155,2002.8151460246315,2576.406769554588
10747_NT_AL,153,2193,9,335529,1889.504802414952,31.49174670691587,0.5248624451152645,1761.4284373423989,2265.8886712848453
10752_NT_AL,157,3738,15,586866,3304.8890718061725,55.08148453010288,0.9180247421683813,3080.873669069989,3963.2133763765637
10753_NT_AL,141,2169,9,305829,1722.2516212242829,28.70419368707138,0.47840322811785635,1605.5121839363765,2065.3191421617
10758_NT_AL,162,1758,7,284796,1603.8059592719817,26.730099321199695,0.44550165535332825,1495.0951281152027,1923.2794483553994
1075_NT_AL,159,1422,6,226098,1273.2528539006044,21.220880898343406,0.35368134830572345,1186.9479145654823,1526.8811244338372
10761_NT_AL,150,615,3,92250,519.4985173346546,8.658308622244244,0.14430514370407072,484.28533254900856,622.9811131855279
10762_NT_AL,159,1506,6,239454,1348.4661026542265,22.474435044237108,0.3745739174039518,1257.0629812486752,1617.076633894064
10763_NT_AL,147,9828,39,1444716,8135.802926500302,135.5967154416717,2.259945257361195,7584.333533863127,9756.431240292066
10765_NT_AL,162,4587,18,743094,4184.674593390546,69.7445765565091,1.1624096092751517,3901.024660218677,5018.249618661102
10768_NT_AL,161,1704,7,274344,1544.9463549014472,25.74910591502412,0.429151765250402,1440.2252062094874,1852.6951817427694
10769_NT_AL,156,2085,9,325260,1831.6757479487237,30.52792913247873,0.5087988188746455,1707.5192115435286,2196.540237124388
10771_NT_AL,157,1857,8,291549,1641.834940166951,27.36391566944918,0.45606526115748636,1530.5463893694407,1968.8836917954197
10773_NT_AL,152,1281,6,194712,1096.5050981817374,18.275084969695623,0.30458474949492703,1022.1806576832797,1314.9257291119839
10776_NT_AL,159,339,2,53901,303.5391824699753,5.058986374499588,0.08431643957499313,282.9643762571719,364.00330603591476
10777_NT_AL,160,2622,11,419520,2362.4934199700197,39.37489033283366,0.6562481722138943,2202.3564521513285,2833.0952477354217
10782_NT_AL,137,1989,8,272493,1534.5225960333014,25.575376600555025,0.42625627667591703,1430.5080013254958,1840.1950403822661
10788_NT_AL,156,4806,19,749736,4222.078486638641,70.36797477731069,1.1727995796218447,3935.8932041622056,5063.10425881046
10797_NT_AL,158,1056,5,166848,939.5912045555822,15.659853409259703,0.26099755682099507,875.9028635787206,1126.75504360736
107983988_NT_AL,18,5061,20,91098,513.0111212157439,8.550185353595731,0.14250308922659552,478.2376718108356,615.2014466013574
107984640_NT_AL,25,330,2,8250,46.45921699740814,0.7743202832901357,0.012905338054835595,43.31007039056174,55.713758089762656
107986096_NT_AL,119,573,3,68187,383.98965204875987,6.399827534145998,0.10666379223576664,357.9616690571192,460.4792754989874
10799_NT_AL,161,1098,5,176778,995.5112075597352,16.59185345932892,0.27653089098881534,928.0324392124513,1193.8141487990379
10800_NT_AL,145,1032,5,149640,842.6857250293519,14.044762083822532,0.23407936806370888,785.5659313022617,1010.5462740063132
10802_NT_AL,158,3447,14,544626,3067.017880779443,51.116964679657386,0.8519494113276231,2859.1261086703125,3677.958934956979
10808_NT_AL,160,2808,11,449280,2530.0844863752154,42.16807477292026,0.7028012462153376,2358.587687887464,3034.0699678264928
1080_NT_AL,149,4494,18,669606,3770.8327826383606,62.84721304397268,1.047453550732878,3515.2343022960586,4521.971721145893
10813_NT_AL,156,2418,10,377208,2124.216766685858,35.40361277809764,0.5900602129682939,1980.2309129555167,2547.3545771543263
10816_NT_AL,10,243,1,2430,13.684351188327488,0.22807251980545815,0.0038012086634243024,12.75678436958364,16.410234200984636
1081_NT_AL,160,360,2,57600,324.36980594554046,5.406163432425674,0.09010272387376124,302.3830369086492,388.9833292085247
10825_NT_AL,160,1275,5,204000,1148.809729390456,19.146828823174264,0.3191138137195711,1070.9399223847995,1377.6492909468584
10827_NT_AL,153,1548,7,236844,1333.768095822319,22.229468263705318,0.37049113772842196,1243.3612498887521,1599.4508267893027
10842_NT_AL,159,477,2,75843,427.1038054223546,7.1183967570392435,0.11863994595065405,398.1534143795605,512.1816430062872
10845_NT_AL,157,1923,8,301911,1700.1877167156956,28.336461945261593,0.4722743657543599,1584.943837779986,2038.8601719561616
10846_NT_AL,153,2262,9,346086,1948.9557059109084,32.48259509851514,0.5413765849752523,1816.8495783258122,2337.1820220913455
10847_NT_AL,154,10371,41,1597134,8994.132736962236,149.90221228270394,2.498370204711732,8384.483147049628,10785.737856113332
10849_NT_AL,153,2076,9,317628,1788.6967486609396,29.811612477682328,0.49686020796137215,1667.4534591531326,2144.9999460042586
10855_NT_AL,155,1608,7,249240,1403.5751811435157,23.39291968572526,0.3898819947620877,1308.4365992901344,1683.1632807627207
10869_NT_AL,161,4161,17,669921,3772.606680014625,62.87677800024375,1.0479463000040625,3516.887959529153,4524.098973727501
10870_NT_AL,142,267,2,37914,213.50966705936148,3.558494450989358,0.059308240849822634,199.0373343985161,256.0401726321529
10874_NT_AL,129,513,3,66177,372.6704973621186,6.21117495603531,0.10351958260058851,347.4097609983278,446.90537807348164
10886_NT_AL,160,1266,5,202560,1140.7004842418173,19.011674737363624,0.31686124562272705,1063.3803464620833,1367.9247077166453
10892_NT_AL,156,2466,10,384696,2166.3848414587783,36.10641402431297,0.6017735670718829,2019.540707753641,2597.9224099514345
10894_NT_AL,161,1005,4,161805,911.191952274621,15.18653253791035,0.25310887563183915,849.4285987327082,1092.6987427532179
10899_NT_AL,155,438,2,67890,382.31712023685316,6.371952003947553,0.10619920006579255,356.402506523059,458.47358020775596
10902_NT_AL,130,2826,12,367380,2068.8711685464004,34.48118614244001,0.5746864357073335,1928.6368072829785,2480.984296608122
10903_NT_AL,158,2106,9,332748,1873.843822721644,31.23073037869407,0.5205121729782345,1746.8290063416532,2247.1080699214963
10905_NT_AL,156,1929,8,300924,1694.629504936733,28.24382508227888,0.4707304180379814,1579.7623784496243,2032.1947805337863
10906_NT_AL,160,1797,8,287520,1619.1459480114895,26.98576580019149,0.4497627633365249,1509.3953259023408,1941.6751182992193
10910_NT_AL,156,1035,5,161460,909.2491122910931,15.154151871518218,0.25256919785863696,847.6174503345574,1090.368894687646
10911_NT_AL,134,447,2,59898,337.31080966190945,5.621846827698491,0.09369744712830817,314.4468601519839,404.5021432800732
10914_NT_AL,156,2232,9,348192,1960.815476940792,32.6802579490132,0.5446709658168867,1827.9054581127846,2351.404225065532
10916_NT_AL,106,1875,8,198750,1119.244773119378,18.654079551989632,0.3109013258664939,1043.3789684998965,1342.195081253373
10921_NT_AL,158,918,4,145044,816.8037175966141,13.613395293276902,0.22688992155461501,761.4382848155924,979.5086458632163
10923_NT_AL,161,384,2,61824,348.15692504821345,5.802615417470224,0.09671025695783707,324.55779294861685,417.50877335048324
10924_NT_AL,158,1359,6,214722,1209.18981722636,20.153163620439333,0.33588606034065555,1127.227264776024,1450.0569169151536
10926_NT_AL,158,2133,9,337014,1897.8674614744857,31.631124357908096,0.527185405965135,1769.2242500127,2275.9171477410027
10928_NT_AL,157,1983,8,311331,1753.2356953963724,29.220594923272873,0.48700991538788124,1634.3960636077547,2102.4751539204726
10933_NT_AL,153,1089,5,166617,938.2903464796548,15.63817244132758,0.26063620735545967,874.6901816077849,1125.1950583808466
10939_NT_AL,155,2439,10,378045,2128.9302654285043,35.48217109047507,0.5913695181745845,1984.6249164605956,2553.0069911568876
10940_NT_AL,159,3282,13,521838,2938.6890763022384,48.97815127170397,0.8163025211950662,2739.495819693328,3524.0674053388566
10943_NT_AL,153,1575,7,240975,1357.031492842476,22.6171915473746,0.3769531924562433,1265.0477833170444,1627.3482249309766
10944_NT_AL,139,546,3,75894,427.3910078547022,7.123183464245036,0.11871972440408395,398.4211493601567,512.5260553290238
10946_NT_AL,158,1527,6,241266,1358.6702361329299,22.64450393554883,0.37740839892581385,1266.5754476180932,1629.3134011254153
10947_NT_AL,160,1254,5,200640,1129.8881573769659,18.8314692896161,0.31385782149360164,1053.3009118984614,1354.9585967430278
10950_NT_AL,154,771,4,118734,668.6410510266979,11.144017517111632,0.18573362528519388,623.3185330609646,801.8324064278642
10952_NT_AL,157,288,2,45216,254.63029766724927,4.243838294454155,0.07073063824090257,237.37068397328966,305.35191342869194
10953_NT_AL,158,936,4,147888,832.8194767651752,13.88032461275292,0.231338743545882,776.3684472629569,998.7146977428872
10955_NT_AL,161,1431,6,230391,1297.428540999983,21.62380901666638,0.3603968169444397,1209.48490028508,1555.87253818891
10956_NT_AL,160,2127,9,340320,1916.4849367949016,31.94141561324836,0.5323569268874727,1786.579776401936,2298.2431700737
10957_NT_AL,152,1026,5,155952,878.2312495975508,14.637187493292513,0.24395312488820856,818.7020724301678,1053.1723638320807
10959_NT_AL,159,627,3,99693,561.41317819668,9.356886303278,0.15594810505463333,523.3588905995481,673.245052756692
10962_NT_AL,150,282,2,42300,238.20907624125627,3.9701512706876043,0.0661691878447934,222.0625427297893,285.6596323875103
10963_NT_AL,160,1626,7,260160,1465.0702901873578,24.4178381697893,0.4069639694964883,1365.7633833707325,1756.90803692517
109703458_NT_AL,102,507,2,51714,291.22326640048055,4.8537211066746755,0.08089535177791127,271.48327032454665,349.2340952550286
10971_NT_AL,159,735,3,116865,658.1159265941942,10.968598776569904,0.18280997960949838,613.5068334779392,789.2107077769834
10972_NT_AL,162,669,3,108378,610.322062999406,10.172034383323432,0.16953390638872387,568.9525828834303,731.8964453639148
10973_NT_AL,153,6651,26,1017603,5730.550132631941,95.50916887719902,1.5918194812866502,5342.116067835976,6872.059075565667
10978_NT_AL,160,1275,5,204000,1148.809729390456,19.146828823174264,0.3191138137195711,1070.9399223847995,1377.6492909468584
10979_NT_AL,160,2103,9,336480,1894.860283065199,31.581004717753316,0.5263500786292219,1766.4209072746926,2272.3109481264655
10981_NT_AL,151,693,3,104643,589.2887083951248,9.82147847325208,0.16369130788753466,549.3449328338851,706.6733076105495
10982_NT_AL,157,990,4,155430,875.2916482311693,14.588194137186155,0.2431365689531026,815.9617261581832,1049.6472024111285
10983_NT_AL,157,1158,5,181806,1023.8259885370647,17.063766475617747,0.2843961079269624,954.4279584759355,1227.7691519111988
10988_NT_AL,160,1476,6,236160,1329.916204376716,22.165270072945265,0.36942116788242113,1239.7704513254619,1594.8316497549515
10989_NT_AL,159,2310,10,367290,2068.3643407246104,34.47273901207684,0.5745456502012807,1928.1643337878088,2480.3765101562335
11001_NT_AL,149,1860,8,277140,1560.691805898387,26.011530098306448,0.43352550163844084,1454.9033827927612,1871.5770808480997
11005_NT_AL,155,4911,20,761205,4286.665245395401,71.44442075659002,1.190740345943167,3996.1020765633393,5140.556512329428
11009_NT_AL,152,534,3,81168,457.09111821159075,7.618185303526513,0.1269697550587752,426.10809617710487,548.1423414096795
11010_NT_AL,155,807,4,125085,704.4062009843391,11.740103349738984,0.1956683891623164,656.6594127034443,844.7218703827833
110117498_NT_AL,91,363,2,33033,186.0227048576222,3.100378414293703,0.05167297357156172,173.4135218438092,223.0778873914097
11011_NT_AL,159,2250,9,357750,2014.6405916148801,33.577343193581335,0.5596223865596889,1878.0821432998137,2415.9511462560718
11019_NT_AL,162,1104,5,178848,1007.1682474609031,16.78613745768172,0.2797689576280286,938.8993296013559,1207.7932371924694
11022_NT_AL,159,1731,7,275229,1549.9301618157144,25.83216936359524,0.4305361560599207,1444.8711955786566,1858.6717485196712
1102_NT_AL,156,1611,7,251316,1415.2660095661363,23.58776682610227,0.3931294471017045,1319.3349879120503,1697.1828882529444
11030_NT_AL,154,534,3,82236,463.1054750301643,7.718424583836072,0.1286404097306012,431.7147816531194,555.3547406387542
11031_NT_AL,150,609,3,91350,514.4302391167556,8.573837318612593,0.14289728864354323,479.5605975973109,616.9032486666447
11034_NT_AL,155,510,2,79050,445.1637701388016,7.419396168980027,0.12365660281633378,414.98921992410976,533.8391002419077
11035_NT_AL,143,1464,6,209352,1178.949090526229,19.649151508770483,0.32748585847950806,1099.0363462308947,1413.7923252858172
11036_NT_AL,139,1497,6,208083,1171.8028182389912,19.530046970649853,0.3255007828441642,1092.374469949001,1405.222536314192
11043_NT_AL,154,2154,9,331716,1868.0321970317864,31.133869950529775,0.5188978325088296,1741.4113102637066,2240.138785273177
11044_NT_AL,157,1650,7,259050,1458.8194137186156,24.31365689531026,0.4052276149218377,1359.9362102636387,1749.4120040185473
11046_NT_AL,154,978,4,150612,848.159465504683,14.135991091744717,0.2355998515290786,790.6686450500952,1017.110367686707
11051_NT_AL,160,690,3,110400,621.7087947289525,10.361813245482542,0.17269688742470904,579.5674874082443,745.5513809830057
11052_NT_AL,158,1779,7,281082,1582.8908644927849,26.381514408213082,0.43969190680355136,1475.597721881197,1898.198127440808
11054_NT_AL,157,1950,8,306150,1724.0593071220003,28.73432178536667,0.47890536308944454,1607.1973394024822,2067.4869138401014
11055_NT_AL,154,1098,5,169092,952.2281115788772,15.870468526314621,0.2645078087719103,887.6832027249534,1141.9091858077754
11056_NT_AL,162,1827,8,295974,1666.753974738288,27.7792329123048,0.46298721520508,1553.7763362152873,1998.766525679929
11061_NT_AL,160,1044,5,167040,940.6724372420673,15.677873954034455,0.26129789923390756,876.9108070350828,1128.0516547047218
11062_NT_AL,149,948,4,141252,795.4493720385327,13.257489533975546,0.22095815889959242,741.5314015524397,953.9005766903218
11063_NT_AL,150,2505,10,375750,2116.0061559728615,35.26676926621436,0.5877794877702394,1972.5768423337665,2537.5084366337355
11064_NT_AL,161,7299,29,1175139,6617.701551892995,110.29502586488324,1.8382504310813874,6169.133673781132,7935.928480950982
11066_NT_AL,144,753,3,108432,610.62615969248,10.177102661541333,0.16961837769235555,569.2360669805322,732.2611172350478
11069_NT_AL,154,3045,12,468930,2640.7418941326787,44.01236490221131,0.7335394150368552,2461.7444009995293,3166.7700098221094
1106_NT_AL,159,5571,22,885789,4988.250104838444,83.1375017473074,1.38562502912179,4650.131386810339,5981.895038130033
11073_NT_AL,158,4734,19,747972,4212.144661331559,70.20241102219265,1.1700401837032108,3926.632723656878,5051.191644353449
11075_NT_AL,159,540,3,85860,483.5137419875713,8.05856236645952,0.13430937277432536,450.73971439195526,579.8282751014572
11077_NT_AL,157,987,4,154959,872.6392492971355,14.543987488285591,0.24239979147142654,813.4891148667948,1046.466453312913
1107_NT_AL,156,6861,27,1070316,6027.399187854289,100.45665313090483,1.674277552181747,5618.843793956907,7228.039600436656
110806290_NT_AL,15,240,1,3600,20.27311287159628,0.33788521452660464,0.0056314202421100775,18.898939806790576,24.311458075532794
11081_NT_AL,162,1062,5,172044,968.8520641335862,16.147534402226437,0.26912557337044063,903.1803333665217,1161.8445814297124
11082_NT_AL,157,567,3,89019,501.303398532397,8.355056642206616,0.13925094403677696,467.323534072414,601.1615795627372
11083_NT_AL,159,7836,31,1245924,7016.321633730756,116.9386938955126,1.9489782315918767,6540.7340777321515,8413.952525361145
1108_NT_AL,160,5910,24,945600,5325.070980939289,88.75118301565482,1.479186383594247,4964.121522583659,6385.809654506615
11091_NT_AL,149,1005,4,149745,843.2770241547736,14.054617069246227,0.23424361782077044,786.1171503799598,1011.255358200183
11093_NT_AL,156,4653,19,725868,4087.6677482999576,68.1277958049993,1.1354632634166548,3810.5932332431844,4901.919291769677
11096_NT_AL,154,2895,12,445830,2510.656086539936,41.84426810899893,0.6974044684833156,2340.4762039059565,3010.771487170774
11097_NT_AL,159,1374,6,218466,1230.2738546128203,20.504564243547005,0.3417427373924501,1146.8821621750863,1475.3408333137077
11098_NT_AL,161,1179,5,189819,1068.9505589370929,17.81584264895155,0.29693071081585914,996.4938486625501,1281.8824056776555
11099_NT_AL,157,3648,15,572736,3225.3171037851575,53.75528506308596,0.8959214177180993,3006.695330328336,3867.790903430098
11101_NT_AL,159,1725,7,274275,1544.5577869047415,25.74262978174569,0.42904382969576155,1439.8629765298572,1852.2292121296548
11104_NT_AL,159,1488,6,236592,1332.3489779213076,22.205816298688458,0.37009693831147433,1242.0383241022769,1597.7490247240153
111064647_NT_AL,71,2301,9,163371,920.0107563737655,15.333512606229425,0.25555854343715706,857.6496375486621,1103.2742270160745
111064649_NT_AL,88,396,2,34848,196.24373259705197,3.270728876617533,0.05451214794362555,182.9417373297328,235.33491417115746
11107_NT_AL,156,1935,8,301860,1699.900514283348,28.3316752380558,0.47219458730093,1584.67610279939,2038.515759633425
11113_NT_AL,158,6345,25,1002510,5645.555106917774,94.09258511529623,1.5682097519216038,5262.882262696006,6770.133287583995
11116_NT_AL,152,1269,5,192888,1086.2333876601285,18.103889794335476,0.30173149657225795,1012.6051948478391,1302.607923687047
11123_NT_AL,158,741,3,117078,659.3154191057637,10.988590318429395,0.18314317197382324,614.6250207498409,790.6491357131191
11126_NT_AL,127,570,3,72390,407.6585113263485,6.794308522105808,0.11323847536843014,380.0261812815472,488.86290280217196
11127_NT_AL,153,2178,9,333234,1876.5806929593095,31.27634488265516,0.5212724147109193,1749.3803632155698,2250.390116761693
11128_NT_AL,153,4197,17,642141,3616.165825688807,60.269430428146784,1.0044905071357797,3371.051140686752,4336.495555577973
1112_NT_AL,158,1512,6,238896,1345.323770159129,22.422062835985482,0.3737010472664247,1254.1336455786227,1613.3083578923563
11130_NT_AL,151,807,4,121857,686.2279764428077,11.437132940713463,0.19061888234522437,639.7133633433554,822.9225963083888
11135_NT_AL,158,1530,6,241740,1361.3395293276901,22.688992155461502,0.3781498692576917,1269.0638080259873,1632.5144097720272
11137_NT_AL,158,1536,6,242688,1366.6781157172104,22.77796859528684,0.3796328099214473,1274.0405288417755,1638.916427065251
11138_NT_AL,160,3534,14,565440,3184.230261698722,53.07050436164537,0.8845084060274229,2968.3934789865734,3818.5196817303513
11141_NT_AL,145,2028,8,294060,1655.9754363948894,27.59959060658149,0.45999317677635815,1543.728399884677,1985.8409338031038
11143_NT_AL,161,1821,8,293181,1651.0254180020747,27.517090300034578,0.458618171667243,1539.113908748519,1979.9048861229946
11144_NT_AL,158,1023,4,161634,910.2289794132203,15.170482990220338,0.25284138317033894,848.5308990918857,1091.54394849463
11145_NT_AL,46,546,3,25116,141.43875080083671,2.3573125133472788,0.03928854188912131,131.8516033853756,169.6129391736338
11146_NT_AL,160,1812,8,289920,1632.6613565925536,27.211022609875894,0.45351704349793154,1521.994619106868,1957.8827570162412
11149_NT_AL,159,1092,5,173628,977.7722337970886,16.29620389661814,0.27160339827696905,911.4958668815095,1172.5416229829468
11155_NT_AL,159,2634,11,418806,2358.472585917153,39.30787643195255,0.6551312738658759,2198.608162422982,2828.2734752171077
11160_NT_AL,159,1023,4,162657,915.9899223208989,15.266498705348315,0.2544416450891386,853.9013478203153,1098.4524544977605
11162_NT_AL,154,846,4,130284,733.6839548230694,12.228065913717822,0.2038010985619637,683.952631607751,879.8316677535319
11163_NT_AL,158,546,3,86268,485.8113614463522,8.09685602410587,0.13494760040176448,452.8815942367249,582.5835736833509
11164_NT_AL,161,663,3,106743,601.114690903556,10.018578181725934,0.16697630302876557,560.3693143878463,720.8549914879437
11167_NT_AL,160,924,4,147840,832.5491685935539,13.875819476559231,0.23126365794265386,776.1164613988664,998.3905449685468
11168_NT_AL,159,1641,7,260919,1469.3445381511192,24.489075635851986,0.4081512605975331,1369.747909846664,1762.0337026694283
11169_NT_AL,161,3474,14,559314,3149.732181295556,52.49553635492593,0.8749256059154322,2936.233783082018,3777.149683905153
11171_NT_AL,157,1056,5,165792,933.644424779914,15.560740412998566,0.2593456735499761,870.3591745687287,1119.6236825718704
11174_NT_AL,152,3381,14,513912,2894.0544394632743,48.23424065772124,0.8039040109620207,2697.8866538853777,3470.541678475892
11179_NT_AL,155,1368,6,212040,1194.0863481370209,19.901439135617014,0.3316906522602836,1113.147554619965,1431.9448806488817
11183_NT_AL,160,2559,10,409440,2305.72870392955,38.42881173215917,0.6404801955359861,2149.4394206923153,2765.02316512393
11188_NT_AL,153,5592,22,855576,4818.108005063572,80.30180008439287,1.3383633347398811,4491.522034481849,5777.861126231124
11193_NT_AL,157,1344,6,211008,1188.2747224471632,19.80457870745272,0.33007631179087865,1107.7298585420183,1424.9755960005623
11199_NT_AL,151,957,4,144507,813.779644926601,13.562994082110016,0.22604990136850028,758.6191929610794,975.8821867002827
1119_NT_AL,153,1041,5,159273,896.9331962215983,14.948886603693305,0.2491481100615551,836.1363444019321,1075.5996839067598
11200_NT_AL,160,1761,7,281760,1586.7089674169354,26.445149456948922,0.4407524909491487,1479.1570222114758,1902.7767853783669
11201_NT_AL,159,2175,9,345825,1947.4859052277175,32.45809842046196,0.5409683070076993,1815.4794051898198,2335.419441380869
11212_NT_AL,162,837,4,135594,763.5867963086738,12.726446605144563,0.21210744341907606,711.8285678227671,915.6910684149427
11213_NT_AL,161,1812,8,291732,1642.8654900712572,27.38109150118762,0.45635152501979365,1531.5070854762857,1970.1195242475926
11214_NT_AL,155,8703,34,1348965,7596.58880689802,126.60981344830034,2.1101635574716724,7081.668982352015,9109.807234128082
11215_NT_AL,161,5922,24,953442,5369.232578477917,89.48720964129862,1.4914534940216435,5005.28971312945,6438.768114014483
11216_NT_AL,152,2001,8,304152,1712.8077294782643,28.546795491304405,0.4757799248550734,1596.7084278097134,2053.9940546081807
11222_NT_AL,158,1050,5,165900,934.2526181660619,15.570876969434364,0.2595146161572394,870.9261427629325,1120.3530263141363
11227_NT_AL,158,2844,12,449352,2530.4899486326476,42.17483247721079,0.7029138746201798,2358.9656666836,3034.5561969880036
11228_NT_AL,153,1257,5,192321,1083.0403723828522,18.050672873047535,0.3008445478841256,1009.6286118282696,1298.7788690401508
1122_NT_AL,150,2007,8,301050,1695.3390638872388,28.255651064787312,0.47092751774645525,1580.423841342862,2033.0456815664302
11232_NT_AL,160,1455,6,232800,1310.994632363226,21.8499105393871,0.3641651756564517,1222.131440839124,1572.140955551121
11234_NT_AL,157,3444,14,540708,3044.953976270856,50.7492329378476,0.8458205489641266,2838.557762513922,3651.499964751441
11235_NT_AL,159,636,3,101124,569.4717405631395,9.491195676052325,0.1581865946008721,530.8712191727474,682.9088573417163
11238_NT_AL,146,957,4,139722,786.8332990681042,13.113888317801736,0.2185648052966956,733.4993521345536,943.5682070082204
1123_NT_AL,158,1362,6,215196,1211.8591104211202,20.197651840352005,0.3366275306725334,1129.715625183918,1453.2579255617654
112441434_NT_AL,75,762,3,57150,321.8356668365909,5.363927780609848,0.08939879634349748,300.02066943280045,385.9443969490831
11244_NT_AL,161,2700,11,434700,2447.978379245251,40.799639654087514,0.6799939942347919,2282.0469816699624,2935.608562620585
112476_NT_AL,155,1161,5,179955,1013.402229668919,16.890037161148648,0.2815006193524775,944.710753591944,1215.2690105506956
112479_NT_AL,153,2241,9,342873,1930.8619526730085,32.18103254455014,0.536350542409169,1799.9822745482516,2315.484045758932
112483_NT_AL,157,513,3,80541,453.5602177197878,7.559336961996463,0.1259889493666077,422.8165308274222,543.9080957948574
112487_NT_AL,157,507,2,79599,448.25541985172003,7.470923664195334,0.12451539440325557,417.8713082446453,537.5465975984264
112495_NT_AL,157,624,3,97968,551.69897827904,9.194982971317334,0.15324971618862224,514.3031486087942,661.5958124288325
1124_NT_AL,156,1422,6,221832,1249.2292151477627,20.82048691912938,0.347008115318823,1164.5526708944353,1498.072046614331
11258_NT_AL,161,585,3,94185,530.3953155031377,8.839921925052295,0.14733203208420492,494.4435126951585,636.0485219011267
11259_NT_AL,154,3435,14,528990,2978.96499387381,49.649416564563495,0.8274902760760583,2777.041713442819,3572.366168715582
11260_NT_AL,162,2886,12,467532,2632.8691686342086,43.88115281057014,0.7313525468428357,2454.4053127078923,3157.329060269444
112611_NT_AL,158,876,4,138408,779.4336128699716,12.990560214499528,0.21650933690832544,726.601239105075,934.6945248106509
11261_NT_AL,160,588,3,94080,529.804016377716,8.830066939628601,0.14716778232714334,493.89229361746044,635.339437707257
11266_NT_AL,157,1038,5,162966,917.7300311757109,15.295500519595182,0.2549250086599197,855.5235068203981,1100.5391879825772
11273_NT_AL,155,3384,14,524520,2953.7925453915777,49.2298757565263,0.8204979292754383,2753.5755298493873,3542.1794416051284
112752_NT_AL,158,645,3,101910,573.898036873438,9.564967281223966,0.15941612135373276,534.99748769723,688.2168590215409
11275_NT_AL,161,1773,7,285453,1607.505802371048,26.791763372850802,0.44652938954751337,1498.5441846299418,1927.7162894541843
11276_NT_AL,160,4371,18,699360,3938.390060522104,65.63983434203506,1.0939972390339177,3671.4340397991828,4722.905922140171
112770_NT_AL,160,1248,5,199680,1124.4819939445404,18.74136656574234,0.31235610942903896,1048.2611946166508,1348.475541256219
11278_NT_AL,158,1215,5,191970,1081.0637438778715,18.01772906463119,0.30029548441051984,1007.7859651971075,1296.4085018777864
11279_NT_AL,144,1098,5,158112,890.3951173205086,14.839918622008476,0.2473319770334746,830.0414363142422,1067.7592386774004
11281_NT_AL,141,2235,9,315135,1774.6576179973592,29.577626966622653,0.4929604494437109,1654.3659433369303,2128.1642612869523
112840_NT_AL,154,1179,5,181566,1022.4744476789583,17.041240794649305,0.28402067991082175,953.1680291554828,1226.1483880394965
112849_NT_AL,158,1071,5,169218,952.9376705293831,15.882294508823053,0.2647049084803842,888.3446656181911,1142.760086840419
112970_NT_AL,149,1116,5,166284,936.4150835390321,15.606918058983869,0.26011530098306446,872.9420296756568,1122.9462485088598
1129_NT_AL,162,1404,6,227448,1280.855271227453,21.34758785379088,0.3557931308965147,1194.0350169930286,1535.997921212162
113115_NT_AL,160,1170,5,187200,1054.2018693230066,17.570031155383443,0.29283385258972405,982.7448699531101,1264.1958199277053
11311_NT_AL,157,1716,7,269412,1517.1721902673603,25.286203171122672,0.4214367195187112,1414.333658674184,1819.3884841792894
11314_NT_AL,36,1146,5,41256,232.32987350849336,3.8721645584748896,0.06453607597458148,216.58185018582003,278.60930954560587
11315_NT_AL,157,567,3,89019,501.303398532397,8.355056642206616,0.13925094403677696,467.323534072414,601.1615795627372
113174_NT_AL,158,1446,6,228468,1286.5993198744052,21.443321997906754,0.3573886999651126,1199.3897166049528,1542.8861676668964
11319_NT_AL,158,2043,8,322794,1817.7886656316803,30.296477760528003,0.5049412960088001,1694.5734377758772,2179.886888342648
113201_NT_AL,154,1335,6,205590,1157.7636875754108,19.29606145959018,0.321601024326503,1079.2869541327987,1388.3868515968854
11320_NT_AL,158,1614,7,255012,1436.079738780975,23.93466231301625,0.3989110385502708,1338.7378994470218,1722.1426518771582
113251_NT_AL,160,2241,9,358560,2019.2020420109893,33.65336736684982,0.5608894561141637,1882.3344047563417,2421.4212243230663
11325_NT_AL,159,2976,12,473184,2664.697955842615,44.411632597376915,0.7401938766229487,2484.0766482045537,3195.4980494480305
113263_NT_AL,154,1350,6,207900,1170.7722683346851,19.512871138911418,0.325214518981857,1091.413773842156,1403.9867038620189
11326_NT_AL,149,1320,6,196680,1107.5877332182101,18.459795553636834,0.3076632592272806,1032.512078110992,1328.2159928599417
11329_NT_AL,160,1395,6,223200,1256.9329980389693,20.948883300649488,0.3491480550108248,1171.7342680210159,1507.3104006830333
11333_NT_AL,157,540,3,84780,477.4318081260924,7.95719680210154,0.13261994670169233,445.07003244991813,572.5348376787973
11335_NT_AL,154,558,3,85932,483.9192042450032,8.065320070750053,0.13442200117916756,451.1176931880911,580.3145042629678
11339_NT_AL,160,708,3,113280,637.9272850262296,10.632121417103827,0.1772020236183971,594.6866392536768,765.000547443432
11340_NT_AL,159,831,4,132129,744.0739251697624,12.401232086162707,0.20668720143604513,693.6383382587312,892.2912900172424
113455421_NT_AL,76,2280,9,173280,975.8124995528342,16.263541659213903,0.27105902765356504,909.6689693668532,1170.1915153689786
11346_NT_AL,153,3024,12,462672,2605.500466257554,43.42500777095923,0.7237501295159872,2428.891743968725,3124.508591867475
113510_NT_AL,159,3261,13,518499,2919.885764113833,48.664762735230546,0.8110793789205092,2721.96705302253,3501.5185279738
113523636_NT_AL,72,246,1,17712,99.74371532825369,1.6623952554708947,0.02770658759118158,92.98278384940964,119.61237373162136
113540_NT_AL,35,456,2,15960,89.87746706407684,1.4979577844012806,0.024965963073354677,83.78529981010489,107.7807974681954
113612_NT_AL,149,1599,7,238251,1341.691504102968,22.3615250683828,0.3726920844730467,1250.747585529906,1608.9525549871566
113802_NT_AL,160,1149,5,183840,1035.2802973095168,17.254671621825278,0.28757786036375466,965.1058594667721,1241.5051257238747
1138_NT_AL,143,1128,5,161304,908.3706107333239,15.139510178888733,0.25232516964814555,846.7984962762631,1089.3153981710395
114112_NT_AL,148,1713,7,253524,1427.7001854607154,23.795003091011925,0.39658338485019873,1330.926337660215,1712.0939158726046
114294_NT_AL,153,1704,7,260712,1468.1788341610024,24.46964723601671,0.4078274539336118,1368.6612208077736,1760.635793830085
1142_NT_AL,157,1356,6,212892,1198.8843181832985,19.981405303054977,0.3330234217175829,1117.620303707572,1437.6985923934244
114327_NT_AL,160,1932,8,309120,1740.7846252410673,29.01307708735112,0.48355128478918535,1622.7889647430843,2087.5438667524163
114548_NT_AL,147,3204,13,470988,2652.331356990941,44.20552261651569,0.7367587102752614,2472.5482949224115,3180.6680600219556
114569_NT_AL,151,543,3,81993,461.7370399113316,7.6956173318555265,0.12826028886425878,430.4391032161611,553.7137172186557
114625_NT_AL,156,1707,7,266292,1499.6021591119768,24.993369318532945,0.41655615530888246,1397.954577508299,1798.318553847161
114780_NT_AL,148,7539,30,1115772,6283.381026379645,104.72301710632742,1.7453836184387903,5857.474407250649,7535.01227773705
114781_NT_AL,155,1857,8,287835,1620.919845387754,27.015330756462568,0.45025551260770946,1511.048983135435,1943.8023708808284
114783_NT_AL,146,4950,20,722700,4069.827408972953,67.83045681621589,1.130507613603598,3793.9621662132085,4880.525208663209
114785_NT_AL,159,3174,13,504666,2841.9863279047245,47.36643879841208,0.7894406466402012,2649.347876814937,3408.101750318565
114786_NT_AL,137,2007,8,274959,1548.4096783503448,25.806827972505747,0.43011379954176243,1443.4537750931474,1856.8483891640062
114787_NT_AL,145,3201,13,464145,2613.795548274182,43.56325913790303,0.7260543189650505,2436.6245601730034,3134.456030130047
114788_NT_AL,138,11127,44,1535526,8647.192198686318,144.1198699781053,2.4019978329684215,8061.059290489419,10369.687770247381
114790_NT_AL,160,3375,14,540000,3040.966930739442,50.6827821789907,0.8447130363165116,2834.8409710185865,3646.718711329919
114792_NT_AL,159,1860,8,295740,1665.4362224016343,27.757270373360573,0.46262117288934285,1552.547905127846,1997.1862809050192
114799_NT_AL,158,2634,11,416172,2343.639424999435,39.06065708332392,0.651010951388732,2184.7804381310134,2810.485591725176
114800_NT_AL,154,1827,8,281358,1584.445136479607,26.407418941326785,0.4401236490221131,1477.0466405997176,1900.0620058932657
114801_NT_AL,156,1497,6,233532,1315.1168319804506,21.91861386634084,0.3653102311056807,1225.9742252665048,1577.0842853598124
114803_NT_AL,161,2559,10,411999,2320.13950832911,38.66899180548516,0.6444831967580861,2162.873417071642,2782.3045599059546
114815_NT_AL,143,3552,14,507936,2860.4010720964243,47.67335120160707,0.7945558533601178,2666.514413806105,3430.1846580705073
114825_NT_AL,160,2385,10,381600,2148.9499643892054,35.81583273982009,0.5969305456636682,2003.2876195198012,2577.0145560064766
114827_NT_AL,152,4854,19,737808,4154.906905990752,69.2484484331792,1.1541408072196535,3873.2747169357062,4982.552294386862
114836_NT_AL,146,1017,4,148482,836.1645403889885,13.936075673149809,0.23226792788583014,779.4867723310774,1002.7260883253501
114876_NT_AL,153,3018,12,461754,2600.330822475297,43.338847041254944,0.7223141173542491,2424.0725143179934,3118.309170058214
114880_NT_AL,162,2889,12,468018,2635.6060388718743,43.92676731453124,0.7321127885755206,2456.956669581809,3160.611107109641
114882_NT_AL,161,2691,11,433251,2439.8184513144333,40.66364085524056,0.6777273475873425,2274.440158397729,2925.8232007451834
114883_NT_AL,160,2313,10,370080,2084.0760032000976,34.73460005333496,0.578910000888916,1942.8110121380714,2499.2178901647712
114885_NT_AL,154,2322,10,357588,2013.7283015356584,33.56213835892764,0.559368972648794,1877.231691008508,2414.8571306426725
114899_NT_AL,161,963,4,155043,873.1122885974728,14.551871476624546,0.24253119127707579,813.9300901289532,1047.0337206680088
114908_NT_AL,106,840,4,89040,501.4216583574813,8.357027639291355,0.13928379398818924,467.4337778879536,601.3033964015111
114960_NT_AL,161,780,4,125580,707.1937540041836,11.786562566736393,0.19644270944560654,659.258016926878,848.064695868169
115004_NT_AL,152,2064,9,313728,1766.7342097167104,29.445570161945174,0.49075950269908625,1646.9796076957762,2118.662533089098
115106_NT_AL,159,840,4,133560,752.1324875362219,12.53554145893703,0.20892569098228386,701.1506668319304,901.9550946022667
115111_NT_AL,161,1995,8,321195,1808.7840246645462,30.14640041107577,0.5024400068512629,1686.179158678361,2169.0885490474325
115265_NT_AL,150,582,3,87300,491.62298713620976,8.193716452270163,0.13656194087116938,458.2992903146715,589.5528583316703
115286_NT_AL,155,855,4,132525,746.303967585638,12.438399459760634,0.20730665766267722,695.7172216374781,894.9655504055511
115294_NT_AL,157,1080,5,169560,954.8636162521848,15.91439360420308,0.26523989340338466,890.1400648998363,1145.0696753575946
115353_NT_AL,162,1302,6,210924,1187.801683146826,19.796694719113766,0.32994491198522946,1107.2888832798599,1424.4083286454666
1153_NT_AL,149,534,3,79566,448.0695829837304,7.467826383062174,0.12446377305103623,417.6980679630831,537.3237425660674
115416_NT_AL,156,765,3,119340,672.0536916934167,11.200894861556945,0.1866815810259491,626.4998545951076,805.9248352039122
115426_NT_AL,156,2451,10,382356,2153.2073180922407,35.886788634870676,0.5981131439145113,2007.2563968792272,2582.1199622023382
115548_NT_AL,157,2445,10,383865,2161.7051312375847,36.02841885395974,0.6004736475659957,2015.1782024815736,2592.310515045666
115557_NT_AL,160,1920,8,307200,1729.9722983762158,28.832871639603596,0.48054786066005994,1612.7095301794627,2074.5777557787987
115677_NT_AL,161,1665,7,268065,1509.586667201238,25.1597777866873,0.41932962977812166,1407.2623053631435,1810.2919469493609
115703_NT_AL,159,3921,16,623439,3510.8470043208645,58.514116738681075,0.9752352789780179,3272.8711483904754,4210.197530875581
115752_NT_AL,157,3177,13,498789,2808.8904711418436,46.8148411856974,0.7802473530949565,2618.4953575803515,3368.4132950102576
115795_NT_AL,161,543,3,87423,492.3156518259893,8.205260863766489,0.13675434772944148,458.9450040914035,590.3834998159177
115825_NT_AL,160,1200,5,192000,1081.2326864851348,18.020544774752246,0.30034241291253744,1007.9434563621642,1296.6110973617492
115827_NT_AL,138,690,3,95220,536.2238354537216,8.937063924228692,0.14895106540381153,499.87695788961076,643.0380660978425
115908_NT_AL,155,759,3,117645,662.50843438304,11.041807239717334,0.18403012066195557,617.6016037694104,794.4781903600154
116071_NT_AL,158,882,4,139356,784.7721992594919,13.079536654324865,0.2179922775720811,731.5779599208632,941.0965421038745
116092_NT_AL,161,999,4,160839,905.7520003207427,15.095866672012379,0.251597777866873,844.3573832178861,1086.1751681696164
1160_NT_AL,160,1281,6,204960,1154.2158928228814,19.236931547048023,0.3206155257841337,1075.9796396666102,1384.1323464336672
116115_NT_AL,160,2220,9,355200,2000.2804699974995,33.338007833291655,0.5556334638881943,1864.6953942700036,2398.730530119236
116135_NT_AL,160,780,4,124800,702.8012462153376,11.71335410358896,0.19522256839314933,655.1632466354067,842.7972132851369
116143_NT_AL,161,1110,5,178710,1006.3911114674919,16.773185191124863,0.2795530865187478,938.1748702420956,1206.8612979662405
116150_NT_AL,157,927,4,145539,819.5912706164586,13.65985451027431,0.22766424183790515,764.036889039026,982.8514713486021
116151_NT_AL,152,603,3,91656,516.1534537108413,8.602557561847355,0.1433759593641226,481.1670074808881,618.969722603065
1161_NT_AL,158,1233,5,194814,1097.0795030464326,18.28465838410721,0.30474430640178685,1022.7161276444721,1315.6145537574573
116224_NT_AL,150,891,4,133650,752.6393153580118,12.543988589300197,0.20906647648833662,701.6231403271001,902.562881054155
116254_NT_AL,156,1044,5,162864,917.1556263110157,15.285927105183594,0.2547654517530599,854.9880368592057,1099.8503633371038
116328_NT_AL,147,1362,6,200214,1127.4891723538271,18.79148620589712,0.313191436764952,1051.064537354658,1352.0817408707564
116362_NT_AL,136,423,2,57528,323.96434368810856,5.399405728135142,0.08999009546891905,302.00505811251344,388.4971000470141
116369_NT_AL,160,3063,12,490080,2759.846432253307,45.997440537555114,0.7666240089592519,2572.775672364424,3309.5998260158644
1163_NT_AL,157,240,1,37680,212.1919147227077,3.5365319120451284,0.05894219853408547,197.80890331107472,254.45992785724326
116442_NT_AL,153,639,3,97767,550.567062810376,9.176117713506267,0.15293529522510443,513.2479578029152,660.2384226862819
116443_NT_AL,156,3402,14,530712,2988.6622995307234,49.81103832551206,0.8301839720918677,2786.081706317067,3583.9951494950446
116449_NT_AL,150,1362,6,204300,1150.4991554630888,19.174985924384814,0.3195830987397469,1072.5148340353653,1379.6752457864861
116461_NT_AL,152,504,2,76608,431.4118419075688,7.1901973651261475,0.11983662275210245,402.1694390885035,517.347827847338
116496_NT_AL,154,3039,12,468006,2635.538461828969,43.925641030482815,0.7320940171747137,2456.8936731157864,3160.530068916056
116841_NT_AL,153,1266,5,193698,1090.7948380562377,18.179913967603962,0.3029985661267327,1016.857456304367,1308.0780017540421
116842_NT_AL,159,231,1,36729,206.83643407246103,3.447273901207684,0.057454565020128065,192.81643337878086,248.03765101562334
116984_NT_AL,152,5196,21,789792,4447.6506558566025,74.12751093094337,1.235458515515723,4146.175407745763,5333.609748997555
117143_NT_AL,156,1005,4,156780,882.8940655580179,14.714901092633632,0.24524835154389388,823.0488285857297,1058.7639991894532
117145_NT_AL,145,717,3,103965,585.4706054709742,9.757843424516237,0.16263072374193727,545.7856325036063,702.0946496729908
117155_NT_AL,150,1824,8,273600,1540.7565782413171,25.67927630402195,0.42798793840036586,1436.3194253160839,1847.6708137404926
117156_NT_AL,149,303,2,45147,254.24172967054366,4.237362161175728,0.07062270268626213,237.0084542936595,304.88594381557755
117177_NT_AL,161,1389,6,223629,1259.3488773228346,20.989147955380577,0.3498191325896763,1173.9863916813251,1510.207516103701
117178_NT_AL,160,1884,8,301440,1697.5353177816617,28.292255296361027,0.47153758827268377,1582.4712264885977,2035.679422857946
117245_NT_AL,141,888,4,125208,705.0988656741185,11.75164776123531,0.19586079602058848,657.3051264801763,845.5525118670306
117285_NT_AL,37,171,1,6327,35.62999587183046,0.5938332645305077,0.009897221075508462,33.21488671043444,42.72738756774889
117532_NT_AL,159,2697,11,428823,2414.88252248237,40.248042041372834,0.6708007006895472,2251.194462435377,2895.9201073122777
117579_NT_AL,154,468,2,72072,405.8677196893575,6.764461994822625,0.11274103324704375,378.35677493194737,486.71539067216656
1176_NT_AL,154,582,3,89628,504.732933459842,8.412215557664034,0.14020359262773388,470.5206047230628,605.2742678871815
117854_NT_AL,126,1977,8,249102,1402.7980451501046,23.37996741916841,0.38966612365280684,1307.712139930874,1682.2313415364918
1182_NT_AL,147,2604,11,382788,2155.6400916368325,35.927334860613875,0.5987889143435646,2009.5242696560422,2585.037337171402
118424_NT_AL,160,783,4,125280,705.5043279315505,11.758405465525842,0.1959734244254307,657.6831052763121,846.0387410285413
118427_NT_AL,160,1458,6,233280,1313.6977140794388,21.89496190132398,0.364916031688733,1224.6512994800294,1575.3824832945252
118429_NT_AL,158,1458,6,230364,1297.276492653446,21.621274877557433,0.3603545812926239,1209.343158236529,1555.6902022533436
118461_NT_AL,162,4569,18,740178,4168.253371964553,69.47088953274255,1.1578481588790424,3885.7165189751768,4998.557337619921
118490_NT_AL,154,1401,6,215754,1215.0014429162177,20.250024048603628,0.33750040081006044,1132.6449608539706,1457.026201563473
118491_NT_AL,160,3414,14,546240,3076.1069930502085,51.268449884170145,0.854474164736169,2867.599133350357,3688.858571994176
1184_NT_AL,157,2457,10,385749,2172.31472697372,36.205245449562,0.6034207574927001,2025.0686476471274,2605.033511438528
118738_NT_AL,155,1005,4,155775,877.2344882146973,14.620574803578288,0.2436762467263048,817.7728745563339,1051.9770504767005
118856_NT_AL,129,1743,7,224847,1266.2079471777247,21.103465786295413,0.3517244297715902,1180.3805329826225,1518.4328927525896
118932_NT_AL,157,576,3,90432,509.26059533449853,8.48767658890831,0.14146127648180515,474.7413679465793,610.7038268573839
118987_NT_AL,155,3591,15,556605,3134.47666385968,52.24127773099466,0.8706879621832444,2922.012330877408,3758.8553117033143
118_NT_AL,156,2487,10,387972,2184.833374171931,36.41388956953219,0.606898159492203,2036.7387429778205,2620.0458368001696
119032_NT_AL,160,330,2,52800,297.3389887834121,4.955649813056868,0.08259416355094781,277.18445049959513,356.56805177448103
1192_NT_AL,161,726,3,116886,658.2341864192786,10.970569773654642,0.18284282956091072,613.6170772934787,789.3525246157574
119392_NT_AL,159,720,3,114480,644.6849893167616,10.744749821946026,0.17907916369910046,600.9862858559404,773.1043668019429
119467_NT_AL,158,870,4,137460,774.0950264804512,12.901583774674187,0.2150263962445698,721.6245182892869,928.2925075174272
1195_NT_AL,161,1497,6,241017,1357.2680124926446,22.621133541544076,0.37701889235906794,1265.2682709481235,1627.6318586085245
119710_NT_AL,159,822,4,130698,736.0153628033029,12.26692271338838,0.20444871188980634,686.1260096855319,882.6274854322181
1200_NT_AL,162,1752,7,283824,1598.3322187966505,26.638870313277508,0.4439811718879585,1489.992414367369,1916.7153546750055
120103_NT_AL,151,1473,6,222423,1252.5573845108497,20.875956408514163,0.34793260680856936,1167.6552468460502,1502.0631776483974
120376_NT_AL,147,753,3,110691,623.3475380194066,10.389125633656777,0.1731520938942796,581.0951517092933,747.5165571774446
120379_NT_AL,161,954,4,153594,864.9523606666553,14.415872677777589,0.24026454462962646,806.32326685672,1037.2483587926067
1203_NT_AL,157,915,4,143655,808.9816748803232,13.483027914672054,0.2247171319112009,754.1464438734723,970.12847495574
120425_NT_AL,156,1218,5,190008,1070.0148973628516,17.833581622714192,0.29722636037856986,997.4860430024067,1283.158757226621
120526_NT_AL,158,453,2,71574,403.0632724087867,6.717721206813112,0.11196202011355186,375.742421592008,483.35230563838456
120775_NT_AL,113,966,4,109158,614.7145707882519,10.245242846470864,0.17075404744118108,573.0473531749017,737.163927946947
120787_NT_AL,147,966,4,142002,799.6729372201153,13.327882287001922,0.22213137145003203,745.4686806788543,958.9654637893912
120939_NT_AL,159,537,3,85383,480.8275545320847,8.013792575534746,0.13356320959224577,448.23560486755554,576.6070069064491
120_NT_AL,161,2136,9,343896,1936.622895580687,32.27704825967812,0.5379508043279686,1805.3527232766812,2322.392551762063
1211_NT_AL,161,765,3,123165,693.5938741194877,11.559897901991462,0.19266496503319103,646.5799781398226,831.7557594091658
121268_NT_AL,152,588,3,89376,503.3138155588303,8.388563592647172,0.1398093932107862,469.1976789365874,603.5724658218942
121274_NT_AL,154,1314,6,202356,1139.5516745124269,18.99252790854045,0.3165421318090075,1062.3094065396983,1366.5470584256984
121278_NT_AL,157,1485,6,233145,1312.937472346754,21.882291205779232,0.3647048534296539,1223.942589237275,1574.4708036166926
121340_NT_AL,157,1389,6,218073,1228.060706457671,20.467678440961183,0.3411279740160197,1144.8190279128448,1472.6868324737954
121355_NT_AL,157,504,2,79128,445.6030209176862,7.42671701529477,0.1237786169215795,415.3986969532569,534.3658485002109
1213_NT_AL,161,5052,20,813372,4580.439545165558,76.34065908609264,1.272344318101544,4269.9634634802405,5492.849799392295
121441_NT_AL,159,2040,8,324360,1826.6074697308247,30.44345782884708,0.507390963814118,1702.794476591831,2190.4623726055047
121506_NT_AL,156,834,4,130104,732.6702991794896,12.211171652991492,0.20351952754985822,683.0076846174114,878.6160948497552
121599_NT_AL,158,792,4,125136,704.6934034166867,11.744890056944778,0.19574816761574632,656.9271476840405,845.0662827055199
1215_NT_AL,57,741,3,42237,237.85429676600333,3.964238279433389,0.06607063799055649,221.73181128317046,285.2341818711885
121793_NT_AL,121,333,2,40293,226.90681581534136,3.7817802635890225,0.06302967105981705,211.52638378750353,272.1059945104008
122046_NT_AL,151,945,4,142695,803.5755114478975,13.392925190798291,0.2232154198466382,749.1067265916615,963.6454194689312
122060_NT_AL,159,1932,8,307188,1729.9047213333106,28.831745355555178,0.4805290892592529,1612.64653371344,2074.4967175852134
122402_NT_AL,157,4518,18,709326,3994.512794654973,66.57521324424955,1.1095868874041592,3723.7526048309815,4790.208141912604
122481_NT_AL,159,2238,9,355842,2003.895841792934,33.398264029882235,0.5566377338313706,1868.0657052022148,2403.066073476039
122525_NT_AL,159,945,4,150255,846.1490484782497,14.102484141304162,0.23504140235506937,788.7945001859217,1014.69948142755
122553_NT_AL,161,474,2,76314,429.7562043563885,7.162603405939808,0.11937672343233013,400.62602567094893,515.3623921045028
122616_NT_AL,133,828,4,110124,620.1545227421302,10.335908712368838,0.17226514520614727,578.1185686897238,743.6875025305483
122704_NT_AL,160,408,2,65280,367.61911340494584,6.126985223415764,0.10211642039026274,342.7007751631358,440.8477731029947
122769_NT_AL,158,1284,6,202872,1142.4574873573556,19.040958122622595,0.31734930204370987,1065.0182545786718,1370.0317007498581
122786_NT_AL,161,1890,8,304290,1713.5848654716756,28.55974775786126,0.4759957959643543,1597.4328871689736,2054.9259938344094
122945_NT_AL,157,1098,5,172386,970.7780098563878,16.179633497606464,0.26966055829344104,904.9757326481669,1164.154169946888
122961_NT_AL,161,468,2,75348,424.31625240251014,7.071937540041835,0.11786562566736393,395.5548101561268,508.83881752090144
123036_NT_AL,159,1482,6,235638,1326.9766030103344,22.116276716838907,0.36860461194731514,1237.0301050534772,1591.3064883339991
123103_NT_AL,160,2400,10,384000,2162.4653729702695,36.04108954950449,0.6006848258250749,2015.8869127243283,2593.2221947234984
123207_NT_AL,154,399,2,61446,346.0282481966958,5.76713746994493,0.0961189578324155,322.57340426890386,414.95607025255225
123228_NT_AL,157,636,3,99852,562.3085740151755,9.371809566919591,0.15619682611532654,524.193593774348,674.3188088216947
123264_NT_AL,155,411,2,63705,358.7496265236225,5.979160442060375,0.09965267403433958,334.4324889976649,430.2115101949491
123591_NT_AL,160,1809,8,289440,1629.9582748763407,27.165971247939012,0.4527661874656502,1519.4747604659624,1954.6412292728369
123624_NT_AL,131,3303,13,432693,2436.676118819336,40.61126864698893,0.6768544774498155,2271.5108227276764,2922.0549247434756
123720_NT_AL,158,3096,13,489168,2754.7105769925024,45.91184294987504,0.7651973824979174,2567.987940946704,3303.440923303396
123775_NT_AL,159,1344,6,213696,1203.4119800579551,20.05686633429925,0.3342811055716542,1121.8410669310888,1443.1281513636268
123803_NT_AL,155,936,4,145080,817.0064487253301,13.616774145422168,0.22694623575703612,761.6272742136603,979.7517604439716
123872_NT_AL,158,2340,10,369720,2082.048691912938,34.7008115318823,0.578346858864705,1940.9211181573924,2496.786744357218
123879_NT_AL,157,924,4,145068,816.9388716824247,13.615647861373747,0.2269274643562291,761.5642777476377,979.6707222503866
123904_NT_AL,158,495,2,78210,440.43337713542917,7.340556285590486,0.12234260475984143,410.5794673025253,528.16642669095
123920_NT_AL,151,585,3,88335,497.4515070867937,8.290858451446562,0.13818097419077602,463.7327355091238,596.542402528386
123970_NT_AL,153,840,4,128520,723.7501295159872,12.062502158599786,0.20104170264332977,674.6921511024236,867.9190532965208
123_NT_AL,150,1254,5,188100,1059.2701475409056,17.65450245901509,0.29424170765025154,987.4696049048077,1270.2736844465885
124152_NT_AL,151,846,4,127746,719.391410248594,11.989856837476566,0.1998309472912761,670.6288790439637,862.6920898102812
124491_NT_AL,162,444,2,71928,405.05679517449363,6.75094658624156,0.11251577643735934,377.60081733967576,485.7429323491453
124535_NT_AL,150,1977,8,296550,1669.9976727977435,27.83329454662906,0.46388824244381766,1556.8001665843738,2002.656358972014
124540_NT_AL,141,978,4,137898,776.5615885464955,12.942693142441591,0.21571155237402653,723.9238892991131,931.2504015832837
124773_NT_AL,156,744,3,116064,653.605158980264,10.893419316337734,0.1815569886056289,609.3018193709282,783.8014083551774
124783_NT_AL,137,1761,7,241257,1358.619553350751,22.643659222512515,0.3773943203752086,1266.5282002685763,1629.2526224802266
124801_NT_AL,155,579,3,89745,505.3918096281689,8.423196827136149,0.14038661378560247,471.13482026678344,606.0643902746364
124808_NT_AL,160,717,3,114720,646.0365301748681,10.767275502914467,0.17945459171524114,602.2462151763931,774.7251306736451
124817_NT_AL,160,1014,4,162240,913.641620079939,15.22736033466565,0.2537893389110942,851.7122206260287,1095.636377270678
124872_NT_AL,155,1500,6,232500,1309.305206290593,21.82175343817655,0.3636958906362759,1220.5565291885582,1570.1150007114932
124923_NT_AL,157,1290,6,202530,1140.531541634554,19.00885902724257,0.31681431712070945,1063.2228552970266,1367.7221122326825
124936_NT_AL,158,837,4,132246,744.7328013380893,12.412213355634822,0.2068702225939137,694.2525538024519,893.0814124046973
124944_NT_AL,156,582,3,90792,511.2879066216582,8.52146511036097,0.14202441850601616,476.6312619272584,613.1349726649371
125061_NT_AL,156,906,4,141336,795.9224113388699,13.265373522314498,0.22108955870524163,741.9723768145981,954.4678440454176
125150_NT_AL,152,402,2,61104,344.10230247389416,5.735038374564903,0.09558397290941505,320.7780049872587,412.64648173537665
125476_NT_AL,160,588,3,94080,529.804016377716,8.830066939628601,0.14716778232714334,493.89229361746044,635.339437707257
125488_NT_AL,150,1761,7,264150,1487.539656953377,24.79232761588962,0.41320546026482696,1386.7097083232586,1783.853236292219
1258_NT_AL,135,4848,19,654480,3685.6519200562034,61.42753200093672,1.023792200015612,3435.827256874527,4419.8230781318625
125931_NT_AL,110,1488,6,163680,921.7508652285775,15.362514420476291,0.25604190700793816,859.271796548745,1105.3609605008912
125972_NT_AL,155,1179,5,182745,1029.113892144406,17.151898202406766,0.2858649700401128,959.3574319422067,1234.1103905592336
126074_NT_AL,160,783,4,125280,705.5043279315505,11.758405465525842,0.1959734244254307,657.6831052763121,846.0387410285413
126206_NT_AL,127,4515,18,573405,3229.084523927129,53.81807539878548,0.8969679233130914,3010.2073833090976,3872.3087827224676
126298_NT_AL,154,1974,8,303996,1711.9292279204951,28.53215379867492,0.47553589664458196,1595.889473751419,2052.9405580915745
126299_NT_AL,156,624,3,97344,548.1849720479634,9.13641620079939,0.1522736033466565,511.0273323756172,657.3818263624069
126306_NT_AL,140,1332,6,186480,1050.1472467486872,17.50245411247812,0.291707568541302,978.965081991752,1259.333528312599
126353_NT_AL,149,2433,10,362517,2041.485571909019,34.02475953181698,0.5670793255302831,1903.1074894273056,2448.143568657756
126432_NT_AL,161,1725,7,277725,1563.9861867400214,26.066436445667023,0.43444060742778373,1457.9744605113647,1875.5276927853738
126549_NT_AL,147,1905,8,280035,1576.9947674992954,26.283246124988256,0.4380541020831376,1470.1012802207222,1891.1275450505075
126626_NT_AL,154,1440,6,221760,1248.8237528903308,20.813729214838848,0.34689548691398076,1164.1746920982996,1497.5858174528203
126637_NT_AL,132,2850,12,376200,2118.540295081811,35.30900491803018,0.5884834153005031,1974.9392098096155,2540.547368893177
126661_NT_AL,88,837,4,73656,414.78788935285985,6.913131489214331,0.11521885815357218,386.67230844693523,497.412432225401
126767_NT_AL,110,1221,5,134310,756.3560527178045,12.605934211963408,0.21009890353272345,705.0879459583451,907.0199817013361
126820_NT_AL,159,2634,11,418806,2358.472585917153,39.30787643195255,0.6551312738658759,2198.608162422982,2828.2734752171077
127003_NT_AL,161,441,2,71001,399.83646861005764,6.663941143500961,0.11106568572501602,372.73434033942715,479.4827318946956
127124_NT_AL,156,354,2,55224,310.9895514502869,5.183159190838115,0.08638598651396859,289.90973663616745,372.9377668786731
127253_NT_AL,160,801,4,128160,721.7228182288276,12.028713637147126,0.20047856061911878,672.8022571217446,865.4879074889675
127254_NT_AL,151,5046,20,761946,4290.838127794805,71.51396879658007,1.1918994799430014,3999.992108340237,5145.560620783309
127255_NT_AL,156,1863,8,290628,1636.6484021239676,27.277473368732792,0.45462455614554653,1525.7114106022034,1962.6640104377627
1272_NT_AL,156,3084,13,481104,2709.2988041601266,45.154980069335444,0.7525830011555907,2525.6543157794927,3248.9832572142027
127391_NT_AL,158,555,3,87690,493.81924103063267,8.230320683843878,0.13717201139739796,460.34667546040714,592.1865996231863
127428_NT_AL,158,630,3,99540,560.5515708996371,9.342526181660618,0.15570876969434364,522.5556856577595,672.2118157884818
127495_NT_AL,161,1011,4,162771,916.6319042284994,15.277198403808322,0.25461997339680537,854.4998142475304,1099.222317336819
127544_NT_AL,160,2295,9,367200,2067.8575129028204,34.46429188171367,0.5744048646952279,1927.691860292639,2479.768723704345
127602_NT_AL,119,13812,54,1643628,9255.959989698902,154.26599982831505,2.571099997138584,8628.56295465433,11099.720337158838
127795_NT_AL,155,1689,7,261795,1474.2776622832077,24.571294371386795,0.4095215728564466,1374.3466518663165,1767.949490801141
1277_NT_AL,158,4440,18,701520,3950.5539282450613,65.84256547075103,1.0973760911791837,3682.773403683257,4737.492796985491
128025_NT_AL,155,3324,13,515220,2901.420337139954,48.35700561899923,0.8059500936499873,2704.753268681845,3479.3748415766686
128077_NT_AL,155,1029,5,159495,898.1833715153468,14.969722858589114,0.24949538097648524,837.3017790233508,1077.0988904880842
1280_NT_AL,159,4641,19,737919,4155.531993637626,69.25886656062711,1.1543144426771184,3873.857434246416,4983.301897677524
128153_NT_AL,157,1095,5,171915,968.125610922354,16.1354268487059,0.268923780811765,902.5031213567784,1160.9734208486725
128178_NT_AL,152,591,3,89832,505.88174318923245,8.431362386487207,0.14052270644145345,471.5915446454475,606.6519171781283
1281_NT_AL,153,4455,18,681615,3838.4605083258602,63.974341805431,1.0662390300905167,3578.278015668211,4603.07069337619
128209_NT_AL,131,1161,5,152091,856.4883360427638,14.27480560071273,0.23791342667854548,798.4329594873849,1027.0983250460717
128338_NT_AL,160,801,4,128160,721.7228182288276,12.028713637147126,0.20047856061911878,672.8022571217446,865.4879074889675
128346_NT_AL,143,291,2,41613,234.34029053492665,3.9056715089154443,0.06509452514859074,218.45599504999342,281.02019580476286
128371_NT_AL,123,945,4,116235,654.5681318416648,10.909468864027748,0.18182448106712912,610.1995190117508,784.9562026137652
128387_NT_AL,157,825,4,129525,729.4097068593078,12.15682844765513,0.20261380746091884,679.9681051318194,874.7060020092737
1284_NT_AL,152,5292,21,804384,4529.824340029472,75.49707233382453,1.2582845388970756,4222.779110429286,5432.152192397048
1285_NT_AL,153,5034,20,770202,4337.331133313666,72.28885222189443,1.2048142036982405,4043.3336769638104,5201.314897969864
128653_NT_AL,150,537,3,80550,453.61090050196674,7.560181675032779,0.126003027917213,422.86377817693915,543.9688744400463
1286_NT_AL,155,5217,21,808635,4553.763507478682,75.89605845797804,1.2649343076329673,4245.095608517805,5460.859972474573
128710_NT_AL,152,1293,6,196536,1106.7768087033462,18.44628014505577,0.30743800241759617,1031.7561205187203,1327.2435345369204
128861_NT_AL,152,756,3,114912,647.1177628613532,10.78529604768922,0.17975493412815366,603.2541586327552,776.0217417710069
128869_NT_AL,160,1320,6,211200,1189.3559551336484,19.822599252227473,0.33037665420379125,1108.7378019983805,1426.2722070979241
1289_NT_AL,151,5904,24,891504,5020.4336715221025,83.67389452536837,1.3945649087561396,4680.133453753619,6020.489477824942
129080_NT_AL,152,1512,6,229824,1294.2355257227064,21.57059209537844,0.3595098682563073,1206.5083172655104,1552.0434835420137
1293_NT_AL,160,10869,43,1739040,9793.26505783911,163.2210842973185,2.7203514049553084,9129.447856000303,11744.055014354042
129401_NT_AL,160,993,4,158880,894.7200480664491,14.912000801107485,0.24853334668512475,834.0732101396908,1072.9456830668473
1294_NT_AL,153,9159,36,1401327,7891.461233615389,131.52435389358982,2.1920725648931634,7356.554061841784,9463.417391836707
129521_NT_AL,127,429,2,54483,306.8166690508834,5.113611150848056,0.08522685251413427,286.0197048592697,367.9336584247926
129530_NT_AL,143,621,3,88803,500.08701176010123,8.33478352933502,0.13891305882225033,466.18959768400657,599.7028920782052
129531_NT_AL,160,759,3,121440,683.8796742018478,11.397994570030797,0.18996657616717996,637.5242361490688,820.1065190813064
129563_NT_AL,153,2604,11,398412,2243.62540149956,37.393756691659334,0.6232292781943223,2091.5456684175133,2690.5490652192148
129642_NT_AL,159,1503,6,238977,1345.77991519874,22.429665253312333,0.3738277542218722,1254.5588717242756,1613.855365699056
129685_NT_AL,160,927,4,148320,835.2522503097667,13.920870838496112,0.2320145139749352,778.6363200397718,1001.6320727119512
1296_NT_AL,158,2130,9,336540,1895.1981682797255,31.586636137995423,0.5264439356332571,1766.7358896048058,2272.7161390943907
129852_NT_AL,154,882,4,135828,764.9045486453276,12.748409144088793,0.21247348573481323,713.0569989102084,917.2713131898524
1298_NT_AL,159,2076,9,330084,1858.8417191966628,30.98069531994438,0.516344921999073,1732.843790884628,2229.117590945602
1299_NT_AL,149,2085,9,310665,1749.4851695151272,29.15808615858545,0.48596810264309087,1630.8997597434986,2097.977534176499
130074_NT_AL,159,600,3,95400,537.2374910973014,8.953958184955022,0.14923263641591705,500.8219048799503,644.2536390016191
1300_NT_AL,161,2067,9,332787,1874.0634481110862,31.234390801851436,0.5205731800308573,1747.0337448562266,2247.371444050648
130132_NT_AL,158,1566,7,247428,1393.3710476648123,23.22285079441354,0.3870475132402256,1298.9241329207164,1670.926513531369
130162_NT_AL,158,1782,7,281556,1585.560157687545,26.426002628125747,0.4404333771354291,1478.086082289091,1901.39913608742
1301_NT_AL,155,5694,23,882570,4970.122563079091,82.83537605131819,1.3805896008553031,4633.232584799766,5960.156542700828
130271_NT_AL,158,4545,18,718110,4043.979190061668,67.39965316769447,1.1233275527949078,3769.8660179595504,4849.528099616905
130355_NT_AL,159,384,2,61056,343.8319943022729,5.730533238371215,0.09550888730618692,320.5260191231682,412.32232896103625
130367_NT_AL,162,1218,5,197316,1111.1693164921921,18.5194886082032,0.3086581434700534,1035.8508908101915,1332.5110171199526
130507_NT_AL,149,5706,23,850194,4787.799701320535,79.79666168867558,1.3299443614779263,4463.268119470697,5741.515496408203
130535_NT_AL,156,1323,6,206388,1162.2575609286146,19.370959348810242,0.32284932248017073,1083.4762191233037,1393.7758914702952
130574_NT_AL,160,513,3,82080,462.2269734723952,7.703782891206586,0.12839638152010976,430.89582759482516,554.3012441221478
130589_NT_AL,158,1035,5,163530,920.906152192261,15.348435869871016,0.25580726449785024,858.484340723462,1104.3479830810772
1305_NT_AL,156,2469,10,385164,2169.0203461320857,36.15033910220143,0.6025056517033571,2021.997569928524,2601.082899501254
130617_NT_AL,159,750,3,119250,671.5468638716268,11.192447731193779,0.18654079551989633,626.0273810999379,805.3170487520239
1306_NT_AL,157,4764,19,747948,4212.009507245748,70.2001584540958,1.1700026409015967,3926.5067307248332,5051.029567966279
130733_NT_AL,159,921,4,146439,824.6595488343577,13.744325813905961,0.2290720968984327,768.7616239907237,988.9293358674853
1307_NT_AL,161,4935,20,794535,4474.360482064931,74.57267470108218,1.242877911684703,4171.074760941209,5365.64009501207
1308_NT_AL,157,4896,20,768672,4328.715060343237,72.14525100572062,1.2024208500953437,4035.301627545924,5190.982528287763
130916_NT_AL,155,1023,4,158565,892.9461506901845,14.882435844836408,0.24804059741394013,832.4195529065967,1070.8184304852382
130951_NT_AL,156,1620,7,252720,1423.1725235860588,23.719542059767647,0.39532570099612746,1326.7055744366985,1706.6643569024022
131034_NT_AL,152,1674,7,254448,1432.903617764425,23.881726962740416,0.39802878271234027,1335.777065543958,1718.333856778658
131118_NT_AL,157,348,2,54636,307.6782763479262,5.1279712724654365,0.08546618787442395,286.82290980105836,368.96689539300274
131149_NT_AL,155,1467,6,227385,1280.5004917521999,21.341674862536664,0.35569458104227775,1193.70428554641,1535.5724706958401
131368_NT_AL,159,1245,5,197955,1114.7677940269004,18.579463233781674,0.3096577205630279,1039.205452625897,1336.8263009283596
131375_NT_AL,153,447,2,68391,385.1384617781503,6.418974362969172,0.1069829060494862,359.032608979504,461.8569247899343
131408_NT_AL,162,1152,5,186624,1050.958171263551,17.515969521059183,0.2919328253509864,979.7210395840235,1260.3059866356202
1314_NT_AL,157,3708,15,582156,3278.3650824658343,54.63941804109724,0.9106569673516206,3056.147556156104,3931.4058853944084
131544_NT_AL,153,9534,38,1458702,8214.563970006455,136.90939950010758,2.281823325001793,7657.755915012508,9850.881254915512
131566_NT_AL,161,2421,10,389781,2195.0206133899082,36.58367688983181,0.6097279481638634,2046.2354602307328,2632.2623444831247
1317_NT_AL,161,579,3,93219,524.9553635492593,8.749256059154323,0.1458209343192387,489.3722971803364,629.5249473175255
1318_NT_AL,161,438,2,70518,397.11649263311847,6.618608210551974,0.11031013684253291,370.1987325820161,476.2209446028949
131920_NT_AL,153,444,2,67932,382.5536398870218,6.37589399811703,0.10626489996861717,356.6229941541382,458.7572138853039
132001_NT_AL,156,993,4,154908,872.3520468647879,14.539200781079797,0.24232001301799663,813.2213798861985,1046.1220409901762
132014_NT_AL,153,2106,9,322218,1814.544967572225,30.24241612620375,0.5040402687700625,1691.5496074067908,2175.9970550505627
132160_NT_AL,157,1443,6,226551,1275.8038872702803,21.26339812117134,0.35438996868618894,1189.3260311578367,1529.9403162416752
132200_NT_AL,89,900,4,80100,451.0767613930172,7.517946023216953,0.12529910038694922,420.5014107010904,540.9299421806047
132204_NT_AL,157,864,4,135648,763.8908930017478,12.731514883362463,0.21219191472270774,712.1120519198689,916.0557402860758
132320_NT_AL,159,2067,9,328653,1850.7831568302033,30.846385947170056,0.5141064324528343,1725.3314623114288,2219.453786360578
132612_NT_AL,159,1749,7,278091,1566.0472865486336,26.100788109143892,0.4350131351523982,1459.8958527250552,1877.9993576897198
132625_NT_AL,145,960,4,139200,783.8936977017228,13.06489496169538,0.21774824936158965,730.759005862569,940.0430455872681
1326_NT_AL,158,1578,7,249324,1404.0482204438529,23.400803674064214,0.3900133945677369,1308.8775745522928,1683.7305481178164
132720_NT_AL,144,495,2,71280,401.4076348576063,6.690127247626772,0.11150212079377952,374.19900817445347,481.36686989554937
132789_NT_AL,160,831,4,132960,748.7536353909559,12.479227256515932,0.2079871209419322,698.0008435307986,897.9031849230113
132851_NT_AL,158,879,4,138882,782.1029060647318,13.035048434412197,0.21725080724020326,729.0895995129691,937.8955334572627
132864_NT_AL,157,3462,14,543534,3060.8683698750588,51.01447283125098,0.8502412138541829,2853.393430262253,3670.584459340734
132949_NT_AL,158,3375,14,533250,3002.954844105199,50.04924740175331,0.8341541233625552,2799.4054588808544,3601.1347274382956
132954_NT_AL,154,726,3,111804,629.6153087488751,10.493588479147919,0.17489314131913197,586.9380739328927,755.0328496324636
133022_NT_AL,122,1158,5,141276,795.5845261243433,13.259742102072387,0.22099570170120647,741.6573944844849,954.062653077492
133418_NT_AL,154,1350,6,207900,1170.7722683346851,19.512871138911418,0.325214518981857,1091.413773842156,1403.9867038620189
133491_NT_AL,106,534,3,56604,318.7609113843988,5.3126818564066465,0.08854469760677745,297.1543302287705,382.25715914096065
133558_NT_AL,157,4770,19,748890,4217.314305113816,70.28857175189692,1.1714761958649489,3931.45195330761,5057.39106616271
133584_NT_AL,157,3078,13,483246,2721.3613063187263,45.356021771978774,0.7559336961996462,2536.899184964533,3263.4485747691447
133619_NT_AL,160,1443,6,230880,1300.1823054983747,21.669705091639578,0.3611617515273263,1212.0520062755024,1559.1748445775033
133690_NT_AL,148,678,3,100344,565.0792327742936,9.417987212904894,0.15696645354841487,526.776448881276,677.6413747586842
133957_NT_AL,156,789,4,123084,693.1377290798767,11.552295484664613,0.19253825807774355,646.1547519941698,831.2087516024664
134147_NT_AL,150,738,3,110700,623.3982208015856,10.389970346693094,0.17316617244488489,581.1423990588103,747.5773358226335
134218_NT_AL,156,1668,7,260208,1465.3405983589792,24.422343305982984,0.40703905509971644,1366.0153692348229,1757.2321896995104
134288_NT_AL,157,756,3,118692,668.4045313765293,11.140075522942157,0.18566792538236926,623.0980454298854,801.5487727503163
134359_NT_AL,157,1821,8,285897,1610.0061529585448,26.833435882642412,0.44722393137737354,1500.8750538727793,1930.7147026168332
134391_NT_AL,160,1287,6,205920,1159.6220562553071,19.327034270921786,0.32211723784869645,1081.019356948421,1390.615401920476
134429_NT_AL,160,651,3,104160,586.5687324181856,9.776145540303094,0.16293575900505156,546.809325076474,703.4115203187489
134430_NT_AL,153,2688,11,411264,2316.000414451159,38.600006907519315,0.6433334484586553,2159.0148835277555,2777.3409705488666
134553_NT_AL,158,573,3,90534,509.83500019919376,8.497250003319897,0.14162083338866494,475.2768379077717,611.3926515028572
134637_NT_AL,159,591,3,93969,529.1789287308419,8.819648812180699,0.1469941468696783,493.30957630675107,634.5898344165948
1347_NT_AL,157,249,1,39093,220.14911152480926,3.669151858746821,0.06115253097911368,205.22673718524,264.0021751518899
134829_NT_AL,158,981,4,154998,872.8588746865778,14.547647911442963,0.2424607985240494,813.6938533813683,1046.7298274420646
134957_NT_AL,160,3498,14,559680,3151.7932811041683,52.52988801840281,0.8754981336400467,2938.1551752957084,3779.6213488094986
1349_NT_AL,151,240,1,36240,204.0826695740692,3.4013778262344867,0.05668963043724144,190.2493273883585,244.73534462703014
1350_NT_AL,144,192,1,27648,155.6975068538594,2.5949584475643235,0.04324930745940539,145.14385771615164,186.71199802009187
135154_NT_AL,152,327,2,49704,279.9041117138393,4.665068528563989,0.07775114214273314,260.93136226575524,335.6601978295228
1353_NT_AL,156,849,4,132444,745.8478225460271,12.430797042433786,0.20717995070722978,695.2919954918253,894.4185425988516
135656_NT_AL,24,1215,5,29160,164.21221425992985,2.7368702376654976,0.045614503961091624,153.08141243500367,196.92281041181565
1356_NT_AL,105,3222,13,338310,1905.1657821082604,31.752763035137672,0.5292127172522946,1776.0278683431445,2284.6692726481947
1358_NT_AL,141,1374,6,193734,1090.9975691849538,18.18329281974923,0.30305488032915384,1017.046445702435,1308.3211163347974
135932_NT_AL,161,684,3,110124,620.1545227421302,10.335908712368838,0.17226514520614727,578.1185686897238,743.6875025305483
135935_NT_AL,155,1839,8,285045,1605.208182912267,26.75346971520445,0.44589116192007416,1496.4023047851722,1924.9609908722905
1359_NT_AL,157,1296,6,203472,1145.8363395026217,19.097272325043697,0.3182878720840616,1068.1680778798034,1374.0836104291136
1361_NT_AL,158,1305,6,206190,1161.142539720677,19.352375662011283,0.3225395943668547,1082.4367774339303,1392.438761276141
1362_NT_AL,155,4182,17,648210,3650.3429151381733,60.83904858563622,1.0139841430939371,3402.9116033777,4377.480621983643
136319_NT_AL,149,357,2,53193,299.5521369385614,4.99253561564269,0.08320892692737816,279.24758476183644,359.22205261439336
136332_NT_AL,155,2271,9,352005,1982.2880823239577,33.038134705399294,0.5506355784233216,1847.922585191477,2377.1541110772005
136371_NT_AL,160,1434,6,229440,1292.0730603497361,21.534551005828934,0.3589091834304823,1204.4924303527862,1549.4502613472903
1368_NT_AL,161,1344,6,216384,1218.549237668747,20.309153961145785,0.33848589935242973,1135.952275320159,1461.2807067266913
1371_NT_AL,157,1428,6,224196,1262.541892600111,21.042364876668515,0.3507060812778086,1176.9629747008946,1514.0365707505973
137362_NT_AL,157,1221,5,191697,1079.5263661517756,17.992106102529593,0.2998684350421599,1006.3527955950926,1294.5648829737252
1373_NT_AL,160,4503,18,720480,4057.3256560354685,67.62209426725781,1.1270349044542969,3782.307819999021,4865.533142849964
137492_NT_AL,161,1215,5,195615,1101.5902706603629,18.35983784433938,0.30599729740565634,1026.921141751483,1321.0238531792634
1374_NT_AL,158,2649,11,418542,2356.985890973236,39.283098182887265,0.6547183030481212,2197.222240170484,2826.490634958235
137682_NT_AL,155,1032,5,159960,900.801981927928,15.013366365465465,0.2502227727577578,839.742892081728,1080.2391204895073
1376_NT_AL,156,1983,8,309348,1742.0685890562681,29.034476484271135,0.4839079414045189,1623.9858975975144,2089.0835924305334
137964_NT_AL,158,1368,6,216144,1217.1976968106405,20.286628280177343,0.338110471336289,1134.6923459997063,1459.6599428549891
138046_NT_AL,150,882,4,132300,745.0368980311632,12.41728163385272,0.20695469389754534,694.5360378995538,893.4460842758302
138050_NT_AL,154,1929,8,297066,1672.9034856426722,27.881724760711204,0.46469541267852005,1559.5090146233472,2006.1410012961737
138162_NT_AL,153,456,2,69768,392.8929274515359,6.548215457525599,0.1091369242920933,366.2614534556014,471.1560575038256
138199_NT_AL,158,1281,6,202398,1139.7881941625956,18.996469902709926,0.3166078317118321,1062.5298941707777,1366.8306921032463
138255_NT_AL,152,696,3,105792,595.7592102533093,9.92932017088849,0.16548866951480815,555.3768444555525,714.4327146463238
1386_NT_AL,159,1542,7,245178,1380.7003521200645,23.01167253533441,0.38352787558890683,1287.1122955414723,1655.7318522341611
1387_NT_AL,158,7485,30,1182630,6659.8865209266405,110.99810868211067,1.849968478035178,6208.459217695761,7986.516573296486
1388_NT_AL,159,2226,9,353934,1993.151091970988,33.219184866183134,0.5536530811030522,1858.0492671046156,2390.181000696007
1389_NT_AL,159,357,2,56763,319.6563072028943,5.327605120048238,0.08879341866747065,297.98903340357043,383.3309152059634
139212_NT_AL,150,678,3,101700,572.7154386225949,9.54525731037658,0.1590876218396097,533.8950495418338,686.7986906338015
139285_NT_AL,158,3804,15,601032,3384.663770955904,56.411062849265065,0.9401843808210845,3155.24099720971,4058.8789639037855
139324_NT_AL,142,2112,9,299904,1688.8854562897807,28.148090938163012,0.4691348489693835,1574.4076788377004,2025.3065340790522
139341_NT_AL,151,465,2,70215,395.4101722997591,6.590169538329318,0.1098361589721553,368.60807181494454,474.1747302148709
139378_NT_AL,134,9342,37,1251828,7049.569538840174,117.49282564733623,1.9582137607889372,6571.728339015288,8453.82331660502
139716_NT_AL,151,1770,7,267270,1505.1096881087603,25.08516146847934,0.41808602447465565,1403.088789489144,1804.9231666243472
1398_NT_AL,158,906,4,143148,806.1265448175734,13.435442413626223,0.22392404022710372,751.484843184016,966.7046112767691
1399_NT_AL,150,909,4,136350,767.8441500117091,12.797402500195151,0.2132900416699192,715.7973451821931,920.7964746108047
13_NT_AL,52,1209,5,62868,354.03612778097636,5.900602129682939,0.09834336882804899,330.0384854925861,424.55909619238776
140458_NT_AL,161,987,4,158907,894.872096412986,14.914534940216434,0.24857558233694058,834.2149521882418,1073.1280190024138
140469_NT_AL,143,4047,16,578721,3259.0211539341863,54.31701923223644,0.9052836538706073,3038.114817757125,3908.208702480671
1404_NT_AL,162,1068,5,173016,974.3258046089171,16.238763410148618,0.27064605683581033,908.2830471143552,1168.4086751101063
140545_NT_AL,159,1143,5,181737,1023.4374205403592,17.05729034233932,0.284288172372322,954.0657287963054,1227.3031822980843
140609_NT_AL,147,918,4,134946,759.9376359917865,12.665627266529775,0.21109378777549623,708.4267586575448,911.3150059613469
140691_NT_AL,156,1524,6,237744,1338.8363740402183,22.31393956733697,0.3718989927889495,1248.0859848404498,1605.528691308186
140711_NT_AL,161,717,3,115437,650.074258488461,10.834570974807685,0.1805761829134614,606.0102540212455,779.5671627403553
140731_NT_AL,140,681,3,95340,536.8996058827748,8.948326764712913,0.1491387794118819,500.50692254983716,643.8484480336936
140733_NT_AL,136,1404,6,190944,1075.2859067094666,17.92143177849111,0.2986905296415185,1002.3997673521723,1289.4797363262594
140803_NT_AL,155,6393,25,990915,5580.2587892105075,93.00431315350846,1.5500718858918077,5202.011927401635,6691.830133032384
140881_NT_AL,142,510,2,72420,407.8274539336118,6.797124232226864,0.11328540387044773,380.1836724466038,489.06549828613475
140885_NT_AL,105,2247,9,235935,1328.6491348222412,22.144152247037354,0.3690692041172892,1238.5892675875375,1593.3121836252305
140886_NT_AL,144,1146,5,165024,929.3194940339735,15.488658233899558,0.25814430389832593,866.3274007432801,1114.4372381824235
140894_NT_AL,152,1869,8,284088,1599.8189137405677,26.663648562342797,0.44439414270571326,1491.378336619867,1918.498194933878
142685_NT_AL,160,1782,7,285120,1605.6305394304252,26.760508990507088,0.4460084831751181,1496.7960326978139,1925.4674795821975
142686_NT_AL,157,1764,7,276948,1559.6105732119017,25.993509553531695,0.43322515922552823,1453.8954393363992,1870.280469750738
142689_NT_AL,150,960,4,144000,810.9245148638512,13.515408581064186,0.22525680968440312,755.9575922716231,972.4583230213118
1427_NT_AL,155,537,3,83235,468.73126385203227,7.812187730867205,0.13020312884778673,436.9592374495038,562.1011702547145
1431_NT_AL,155,1401,6,217155,1222.8910626754139,20.381517711256897,0.33969196185428163,1139.9997982621132,1466.4874106645345
143279_NT_AL,159,2388,10,379692,2138.2052145672596,35.636753576120995,0.5939458929353499,1993.2711814222023,2564.129483226444
143379_NT_AL,160,723,3,115680,651.4426936072938,10.85737822678823,0.18095630377980382,607.2859324582039,781.2081861604538
143384_NT_AL,157,1173,5,184161,1037.087983207234,17.284799720120567,0.2880799953353428,966.7910149328777,1243.6728974022765
1434_NT_AL,161,2916,12,469476,2643.816649584871,44.06361082641452,0.7343935137735752,2464.610740203559,3170.457247630232
143684_NT_AL,157,1098,5,172386,970.7780098563878,16.179633497606464,0.26966055829344104,904.9757326481669,1164.154169946888
143686_NT_AL,148,1488,6,220224,1240.1738913984498,20.66956485664083,0.3444927476106805,1156.1111444474022,1487.2129286739262
143689_NT_AL,156,2580,11,402480,2266.534019044464,37.7755669840744,0.6295927830679067,2112.9014703991866,2718.0210128445665
143879_NT_AL,159,1845,8,293355,1652.0052851242017,27.533421418736694,0.4588903569789449,1540.0273575058472,1981.0799399299788
143903_NT_AL,160,1194,5,191040,1075.8265230527093,17.930442050878487,0.2988407008479748,1002.9037390803534,1290.1280418749404
144108_NT_AL,161,2952,12,475272,2676.456361308141,44.60760602180235,0.7434601003633725,2495.038033292492,3209.5986951318396
144165_NT_AL,156,2559,10,399204,2248.0854863313116,37.46809143885519,0.6244681906475865,2095.703435175007,2695.897585995832
144406_NT_AL,156,4191,17,653796,3681.8000286106003,61.36333381017667,1.0227222301696113,3432.2364583112367,4415.203901097511
144453_NT_AL,158,2118,9,334644,1884.5209955006849,31.408683258344748,0.5234780543057458,1756.7824479732294,2259.9121045079437
144455_NT_AL,159,2892,12,459828,2589.4847070889928,43.15807845148321,0.7193013075247202,2413.9615815213606,3105.302539987804
144608_NT_AL,142,825,4,117150,659.7208813631955,10.995348022719925,0.18325580037866543,615.0029995459768,791.1353648746298
145376_NT_AL,157,1146,5,179922,1013.2163928009294,16.88693988001549,0.2814489980002582,944.5375133103818,1215.0461555183365
145389_NT_AL,159,1416,6,225144,1267.8804789896312,21.131341316493852,0.3521890219415642,1181.9396955166828,1520.438588043821
145407_NT_AL,148,2610,11,386280,2175.3050111222806,36.25508351870467,0.6042513919784113,2027.856241268629,2608.619451504669
145447_NT_AL,148,1035,5,153180,862.6209526864217,14.377015878107027,0.2396169313017838,804.149888778939,1034.4525411139205
1456_NT_AL,155,1377,6,213435,1201.9421793747645,20.032369656246075,0.33387282760410125,1120.4708937950963,1441.3655706531506
145773_NT_AL,161,1104,5,177744,1000.9511595136136,16.68251932522689,0.27804198875378155,933.1036547272735,1200.3377233826393
145814_NT_AL,137,522,3,71514,402.72538719426007,6.712089786571001,0.11186816310951668,375.42743926189485,482.947114670459
145873_NT_AL,133,1206,5,160398,903.2685439939722,15.05447573323287,0.2509079288872145,842.0422630915542,1083.1970145553637
146057_NT_AL,159,3795,15,603405,3398.027131190431,56.63378551984052,0.9438964253306753,3167.698548365686,4074.9042666852406
146177_NT_AL,149,3549,14,528801,2977.900655448051,49.631677590800855,0.8271946265133475,2776.049519102962,3571.0898171666163
146225_NT_AL,129,504,2,65016,366.1324184610288,6.10220697435048,0.101703449572508,341.31485291063785,439.06493284412227
1462_NT_AL,161,10698,42,1722378,9699.434333765072,161.65723889608452,2.694287314934742,9041.977262927872,11631.533482561119
146395_NT_AL,148,768,3,113664,640.0897503991998,10.66816250665333,0.17780270844422216,596.7025261664012,767.5937696381554
146434_NT_AL,135,1296,6,174960,985.2732855595791,16.421221425992986,0.27368702376654974,918.4884746100221,1181.536862470894
146722_NT_AL,128,1428,6,182784,1029.3335175338484,17.15555862556414,0.28592597709273565,959.5621704567802,1234.373764688385
146845_NT_AL,161,1962,8,315882,1778.8642889182154,29.647738148636922,0.4941289691439487,1658.2874733468393,2133.208888837625
146894_NT_AL,158,1545,7,244110,1374.685995301491,22.91143325502485,0.3818572209170808,1281.5056100654579,1648.5194530050862
146909_NT_AL,159,3534,14,561906,3164.3288225631054,52.73881370938509,0.8789802284897515,2949.8410197429075,3794.6539337195363
147372_NT_AL,154,1251,5,192654,1084.9156353234748,18.081927255391246,0.3013654542565208,1011.3767637603978,1301.0276789121376
147409_NT_AL,143,3141,13,449163,2529.425610206889,42.157093503448145,0.7026182250574692,2357.973472343743,3033.279845439038
147463_NT_AL,158,903,4,142674,803.4572516228131,13.390954193713553,0.22318256989522586,748.9964827761219,963.5036026301573
147685_NT_AL,134,561,3,75174,423.33638528038296,7.055606421339716,0.11759344035566194,394.6413613987986,507.6637637139173
147872_NT_AL,159,1806,8,287154,1617.084848202877,26.951414136714618,0.4491902356119103,1507.4739336886505,1939.2034533948736
147906_NT_AL,135,2016,8,272160,1532.6473330926788,25.544122218211314,0.4257353703035219,1428.7598493933676,1837.9462305102793
147991_NT_AL,160,2184,9,349440,1967.8434894029456,32.797391490049094,0.5466231915008182,1834.4570905791388,2359.8321971983833
148304_NT_AL,161,804,4,129444,728.9535618196969,12.149226030328283,0.20248710050547136,679.5428789861666,874.1589942025743
148362_NT_AL,160,1233,5,197280,1110.966585363476,18.516109756057933,0.30860182926763224,1035.6619014121236,1332.2679025391972
148418_NT_AL,116,246,1,28536,160.69820802885317,2.6783034671475527,0.04463839111912588,149.80559620182666,192.70882434538996
1486_NT_AL,152,1074,5,163248,919.3180916839859,15.321968194733099,0.25536613657888496,857.0039237719301,1102.4435855318272
148867_NT_AL,161,1182,5,190302,1071.670534914032,17.861175581900532,0.2976862596983422,999.0294564199612,1285.144192969456
1488_NT_AL,153,3123,13,477819,2690.799588664795,44.84665981107992,0.7474443301846653,2508.4090332057963,3226.7990517202793
149018_NT_AL,127,540,3,68580,386.20280020390913,6.436713336731819,0.10727855561219699,360.0248033193605,463.13327633889975
149281_NT_AL,156,855,4,133380,751.1188318926421,12.518647198210703,0.20864411997017837,700.205719841591,900.7395216984901
149428_NT_AL,156,1113,5,173628,977.7722337970886,16.29620389661814,0.27160339827696905,911.4958668815095,1172.5416229829468
149466_NT_AL,155,351,2,54405,306.37741827199875,5.106290304533313,0.08510483840888854,285.6102278301226,367.40691016648935
149643_NT_AL,112,330,2,36960,208.13729214838847,3.4689548691398078,0.057815914485663464,194.0291153497166,249.5976362421367
149840_NT_AL,149,639,3,95211,536.1731526715425,8.936219211192375,0.14893698685320625,499.8297105400938,642.9772874526536
149951_NT_AL,149,621,3,92529,521.0696835822033,8.684494726370055,0.14474157877283425,485.7500003840348,624.8652511863817
149986_NT_AL,158,1332,6,210456,1185.1661784735184,19.752769641225306,0.3292128273537551,1104.8320211049772,1421.2478390956474
150160_NT_AL,146,1647,7,240462,1354.1425742582735,22.56904290430456,0.37615071507174264,1262.3546843945767,1623.8838421552132
150248_NT_AL,134,483,2,64722,364.47678090984846,6.074613015164141,0.10124355025273568,339.7714394930833,437.07949710128713
150275_NT_AL,158,894,4,141252,795.4493720385327,13.257489533975546,0.22095815889959242,741.5314015524397,953.9005766903218
150280_NT_AL,154,993,4,152922,861.1680462639573,14.352800771065954,0.23921334618443257,802.7954647594524,1032.7102199518406
150678_NT_AL,144,180,1,25920,145.96641267549322,2.4327735445915537,0.04054622574319256,136.07236660889217,175.04249814383613
1506_NT_AL,147,840,4,123480,695.3677714957523,11.58946285826254,0.19315771430437564,648.2336353729169,833.8830119907749
150864_NT_AL,156,1929,8,300924,1694.629504936733,28.24382508227888,0.4707304180379814,1579.7623784496243,2032.1947805337863
151112_NT_AL,160,1923,8,307680,1732.6753800924287,28.877923001540477,0.4812987166923413,1615.229388820368,2077.819283522203
151176_NT_AL,147,1107,5,162729,916.3953845783308,15.273256409638845,0.2545542734939808,854.279326616451,1098.9386836592712
151246_NT_AL,155,4563,18,707265,3982.906437535984,66.38177395893307,1.1063628993155512,3712.9329617915937,4776.2898321643615
151393_NT_AL,146,783,4,114318,643.7726992375399,10.729544987292332,0.17882574978820553,600.1358335646348,772.010351188544
151525_NT_AL,158,1452,6,229416,1291.9379062639255,21.53229843773209,0.35887164062886817,1204.3664374207408,1549.28818496012
151649_NT_AL,155,1932,8,299460,1686.385105702284,28.1064184283714,0.4684403071395233,1572.0768095948629,2022.3081209164031
151742_NT_AL,157,1083,5,170031,957.5160151862186,15.958600253103643,0.2659766708850607,892.6126761912246,1148.2504244558102
151827_NT_AL,161,1263,5,203343,1145.1098862913896,19.08516477152316,0.318086079525386,1067.4908658700601,1373.2124498480737
152098_NT_AL,155,1041,5,161355,908.6578131656715,15.144296886094526,0.25240494810157543,847.0662312568594,1089.6598104937761
1520_NT_AL,156,1008,4,157248,885.5295702313255,14.758826170522092,0.2459804361753682,825.5056907606124,1061.9244887392724
152100_NT_AL,157,312,2,48984,275.84948913952,4.597491485658667,0.07662485809431112,257.1515743043971,330.79790621441623
152503_NT_AL,156,3111,13,485316,2733.0183462198943,45.55030577033157,0.7591717628388596,2547.766075353438,3277.427663162576
152519_NT_AL,158,1242,5,196236,1105.0873826307131,18.41812304384522,0.3069687173974203,1030.1812088681545,1325.2175796972926
152579_NT_AL,149,2088,9,311112,1752.0024143633505,29.200040239389175,0.4866673373231529,1633.2463781028416,2100.9962068875443
1528_NT_AL,159,402,2,63918,359.9491190351919,5.999151983919865,0.09998586639866443,335.55067626956674,431.6499381310848
152940_NT_AL,128,486,2,62208,350.3193904211837,5.838656507019729,0.09731094178366213,326.5736798613412,420.1019955452067
153218_NT_AL,98,294,2,28812,162.25248001567556,2.7042080002612594,0.045070133337687654,151.25451492034725,194.57270279784748
153443_NT_AL,153,1482,6,226746,1276.9020142174916,21.281700236958194,0.3546950039493032,1190.3497237307045,1531.2571868874331
153562_NT_AL,161,1722,7,277242,1561.2662107630822,26.021103512718035,0.4336850585453006,1455.4388527539538,1872.2659054935732
153745_NT_AL,152,2364,10,359328,2023.5269727569298,33.72544954594883,0.5620908257658138,1886.36617858179,2426.6076687125133
153770_NT_AL,155,540,3,83700,471.3498742646135,7.855831237743558,0.1309305206290593,439.40035050788094,565.2414002561375
153918_NT_AL,160,639,3,102240,575.7564055533343,9.595940092555571,0.15993233487592617,536.7298905128524,690.4454093451315
154197_NT_AL,158,1626,7,256908,1446.7569115600159,24.11261519266693,0.4018769198777822,1348.6913410785983,1734.9466864636054
154214_NT_AL,145,1728,7,250560,1411.008655863101,23.516810931051683,0.3919468488508614,1315.3662105526241,1692.0774820570825
154288_NT_AL,18,810,4,14580,82.10610712996493,1.3684351188327488,0.022807251980545812,76.54070621750184,98.46140520590782
154865_NT_AL,156,2439,10,380484,2142.6652993990106,35.711088323316844,0.5951848053886141,1997.4289481796961,2569.4780040030614
155038_NT_AL,131,1905,8,249555,1405.3490785197803,23.422484641996338,0.3903747440332723,1310.0902565232286,1685.2905333443298
155435_NT_AL,157,4095,16,642915,3620.5245449562003,60.34207574927,1.0057012624878334,3375.114412745212,4341.722519064213
157657_NT_AL,159,666,3,105894,596.3336151180046,9.938893585300075,0.16564822642166793,555.9123144167448,715.1215392917971
157695_NT_AL,151,456,2,68856,387.7570721907315,6.462617869845525,0.10771029783075875,361.47372203788115,464.9971547913573
157753_NT_AL,161,948,4,152628,859.512408712777,14.325206811879616,0.23875344686466027,801.2520513418979,1030.7247842090055
157869_NT_AL,146,801,4,116946,658.5720716338051,10.97620119389675,0.18293668656494586,613.932059623592,789.7577155836829
158038_NT_AL,153,1824,8,279072,1571.5717098061436,26.192861830102395,0.4365476971683732,1465.0458138224055,1884.6242300153024
158135_NT_AL,153,2187,9,334611,1884.335158632695,31.405585977211583,0.5234264329535264,1756.6092076916673,2259.6892494755843
158219_NT_AL,161,1872,8,301392,1697.2650096100406,28.28775016016734,0.4714625026694557,1582.2192406245072,2035.3552700836058
158326_NT_AL,157,6636,26,1041852,5867.106442082869,97.78510736804782,1.6297517894674636,5469.416176551216,7035.817005252777
158399_NT_AL,147,2334,10,343098,1932.1290222274833,32.20215037045806,0.5367025061743009,1801.163458286176,2317.003511888653
158521_NT_AL,18,753,3,13554,76.32826996156,1.2721378326926667,0.021202297211544444,71.15450837256653,91.53263965438097
158763_NT_AL,149,1842,8,274458,1545.5883368090476,25.759805613484126,0.4293300935580688,1440.8236726367024,1853.465044581828
158835_NT_AL,133,1014,4,134862,759.4645966914493,12.657743278190821,0.21096238796984704,707.9857833953863,910.7477386062511
159195_NT_AL,159,5568,22,885312,4985.563917382957,83.09273195638261,1.3848788659397102,4647.627277285939,5978.673769935025
1591_NT_AL,160,1674,7,267840,1508.3195976467632,25.138659960779385,0.4189776660129898,1406.0811216252189,1808.7724808196401
159686_NT_AL,157,2613,11,410241,2310.2394715434802,38.50399119239134,0.6417331865398557,2153.644434799326,2770.432464545736
1602_NT_AL,144,2304,9,331776,1868.3700822463131,31.139501370771885,0.5189916895128648,1741.7262925938196,2240.5439762411024
160418_NT_AL,159,2775,11,441225,2484.7233963250187,41.41205660541698,0.6902009434236163,2316.3013100697704,2979.6730803824885
1607_NT_AL,145,2418,10,350610,1974.4322510862144,32.90720418477024,0.548453403079504,1840.5992460163457,2367.7334210729314
160851_NT_AL,157,3723,15,584511,3291.6270771360037,54.860451285600064,0.914340854760001,3068.5106126130463,3947.309630885486
161436_NT_AL,156,5994,24,935064,5265.738337268417,87.76230562114029,1.4627050936856714,4908.810625415785,6314.658120538888
161497_NT_AL,153,5286,21,808758,4554.456172168462,75.90760286947437,1.2651267144912395,4245.741322294537,5461.69061395882
161882_NT_AL,150,3129,13,469350,2643.107090634365,44.05178484390608,0.7341964140651013,2463.9492773103216,3169.606346597588
162239_NT_AL,150,1233,5,184950,1041.5311737782588,17.358852896304313,0.2893142149384052,970.933032573866,1249.0011586304975
1629_NT_AL,159,1479,6,235161,1324.2904155548479,22.071506925914132,0.36785844876523555,1234.5259955290776,1588.085220138991
163183_NT_AL,151,1227,5,185277,1043.3726481974288,17.389544136623815,0.2898257356103969,972.6496862729828,1251.2094494056917
1635_NT_AL,155,528,3,81840,460.87543261428874,7.681257210238146,0.12802095350396908,429.6358982743725,552.6804802504456
163786_NT_AL,159,1995,8,317205,1786.3146578985272,29.771910964975454,0.49619851608292426,1665.2328337258348,2142.1433496803834
164127_NT_AL,141,2214,9,312174,1757.9829826604714,29.299716377674525,0.4883286062945754,1638.8215653458449,2108.1680870198265
164684_NT_AL,151,1896,8,286296,1612.2530896351468,26.870884827252446,0.44784808045420743,1502.969686368032,1933.4092225535383
165100_NT_AL,143,1293,6,184899,1041.2439713459112,17.35406618909852,0.2892344364849753,970.6652975932698,1248.6567463077606
165545_NT_AL,156,2208,9,344448,1939.731439554332,32.32885732590553,0.5388142887650922,1808.2505607137225,2326.120308666978
165829_NT_AL,159,2502,10,397818,2240.2803378757467,37.33800563126245,0.6223000938543741,2088.4273433493927,2686.5376746367515
166348_NT_AL,157,1878,8,294846,1660.401732705188,27.673362211753133,0.46122270352921885,1547.8546684091596,1991.1489354829284
166614_NT_AL,156,2433,10,379548,2137.3942900523957,35.62323816753993,0.5937206361256655,1992.5152238299306,2563.1570249034226
166863_NT_AL,159,1602,7,254718,1434.4241012297948,23.907068353829914,0.3984511392304986,1337.1944860294673,1720.1572161343229
166979_NT_AL,140,1581,7,221340,1246.4585563886446,20.774309273144077,0.34623848788573464,1161.9698157875073,1494.7494806773414
1677_NT_AL,158,1425,6,225150,1267.9142675110838,21.131904458518065,0.35219840764196775,1181.971193749694,1520.4791071406137
1678_NT_AL,151,300,2,45300,255.1033369675865,4.251722282793108,0.0708620380465518,237.8116592354481,305.9191807837877
168975_NT_AL,135,1320,6,178200,1003.5190871440158,16.72531811906693,0.2787553019844488,935.4975204361336,1203.4171747388734
169026_NT_AL,154,1125,5,173250,975.6435569455709,16.260725949092848,0.2710120991515475,909.5114782017965,1169.9889198850158
1803_NT_AL,161,2313,10,372393,2097.101478220098,34.951691303668305,0.5825281883944717,1954.9535809639344,2514.8380019783012
2653_NT_AL,148,525,3,77700,437.56135281195304,7.292689213532551,0.12154482022554251,407.9021174965633,524.7223034635829
